__row_id,submitted,stats.views,stats.version_views,stats.version_unique_views,stats.version_unique_downloads,stats.version_downloads,stats.unique_views,stats.unique_downloads,stats.downloads,revision,recid,id,conceptrecid,updated,state,owners,modified,metadata.title,metadata.resource_type.type,metadata.resource_type.title,metadata.relations.version,metadata.license.id,metadata.doi,metadata.creators,metadata.access_right,links.versions,links.self_iiif_sequence,source,collected_at,CoapplicantIncome,ApplicantIncome,LoanAmount,Credit_History,Property_Area,Loan_ID,Education,Married,Gender,Dependents,Self_Employed,auto_label,confidence,reason
466,True,100.0,103.0,101.0,53.0,54.0,101.0,53.0,54.0,8.0,3233661.0,3233661.0,3233660.0,2024-07-22T22:44:27.990145+00:00,done,[{'id': '67269'}],2024-07-22T22:44:27.990145+00:00,Basel II Sermaye Yeterliliği Düzenlemesinin AB İpotekli Konut Finansman (Mortgage) Piyasalarına Etkisi: Karşılaştırmalı Bir İnceleme,publication,Journal article,"[{'index': 0, 'is_last': True, 'parent': {'pid_type': 'recid', 'pid_value': '3233660'}}]",cc-by-4.0,10.5281/zenodo.3233661,"[{'name': 'Aksoy, Tamer', 'affiliation': None, 'orcid': '0000-0001-6483-4547'}]",open,https://zenodo.org/api/records/3233661/versions,https://zenodo.org/api/iiif/record:3233661/sequence/default,hf:LoanApprovalPrediction,2026-03-29_00-43,0.0,8333.0,246.0,1.0,Semiurban,LP002543,Graduate,Yes,Male,2,No,tier_2,0.85,rule_1:0.0 <= 0.0 < 1211.5
296,True,100.0,103.0,101.0,53.0,54.0,101.0,53.0,54.0,8.0,3233661.0,3233661.0,3233660.0,2024-07-22T22:44:27.990145+00:00,done,[{'id': '67269'}],2024-07-22T22:44:27.990145+00:00,Basel II Sermaye Yeterliliği Düzenlemesinin AB İpotekli Konut Finansman (Mortgage) Piyasalarına Etkisi: Karşılaştırmalı Bir İnceleme,publication,Journal article,"[{'index': 0, 'is_last': True, 'parent': {'pid_type': 'recid', 'pid_value': '3233660'}}]",cc-by-4.0,10.5281/zenodo.3233661,"[{'name': 'Aksoy, Tamer', 'affiliation': None, 'orcid': '0000-0001-6483-4547'}]",open,https://zenodo.org/api/records/3233661/versions,https://zenodo.org/api/iiif/record:3233661/sequence/default,hf:LoanApprovalPrediction,2026-03-29_00-43,2500.0,4000.0,140.0,1.0,Rural,LP001978,Graduate,No,Male,0,No,tier_4,0.65,rule_3:2500.0 >= 2250.0
133,True,100.0,103.0,101.0,53.0,54.0,101.0,53.0,54.0,8.0,3233661.0,3233661.0,3233660.0,2024-07-22T22:44:27.990145+00:00,done,[{'id': '67269'}],2024-07-22T22:44:27.990145+00:00,Basel II Sermaye Yeterliliği Düzenlemesinin AB İpotekli Konut Finansman (Mortgage) Piyasalarına Etkisi: Karşılaştırmalı Bir İnceleme,publication,Journal article,"[{'index': 0, 'is_last': True, 'parent': {'pid_type': 'recid', 'pid_value': '3233660'}}]",cc-by-4.0,10.5281/zenodo.3233661,"[{'name': 'Aksoy, Tamer', 'affiliation': None, 'orcid': '0000-0001-6483-4547'}]",open,https://zenodo.org/api/records/3233661/versions,https://zenodo.org/api/iiif/record:3233661/sequence/default,hf:LoanApprovalPrediction,2026-03-29_00-43,7750.0,4000.0,290.0,1.0,Semiurban,LP001488,Graduate,Yes,Male,3+,No,tier_4,0.65,rule_3:7750.0 >= 2250.0
491,True,100.0,103.0,101.0,53.0,54.0,101.0,53.0,54.0,8.0,3233661.0,3233661.0,3233660.0,2024-07-22T22:44:27.990145+00:00,done,[{'id': '67269'}],2024-07-22T22:44:27.990145+00:00,Basel II Sermaye Yeterliliği Düzenlemesinin AB İpotekli Konut Finansman (Mortgage) Piyasalarına Etkisi: Karşılaştırmalı Bir İnceleme,publication,Journal article,"[{'index': 0, 'is_last': True, 'parent': {'pid_type': 'recid', 'pid_value': '3233660'}}]",cc-by-4.0,10.5281/zenodo.3233661,"[{'name': 'Aksoy, Tamer', 'affiliation': None, 'orcid': '0000-0001-6483-4547'}]",open,https://zenodo.org/api/records/3233661/versions,https://zenodo.org/api/iiif/record:3233661/sequence/default,hf:LoanApprovalPrediction,2026-03-29_00-43,2004.0,6065.0,250.0,1.0,Semiurban,LP002640,Graduate,Yes,Male,1,No,tier_3,0.75,rule_2:1211.5 <= 2004.0 < 2250.0
28,True,100.0,103.0,101.0,53.0,54.0,101.0,53.0,54.0,8.0,3233661.0,3233661.0,3233660.0,2024-07-22T22:44:27.990145+00:00,done,[{'id': '67269'}],2024-07-22T22:44:27.990145+00:00,Basel II Sermaye Yeterliliği Düzenlemesinin AB İpotekli Konut Finansman (Mortgage) Piyasalarına Etkisi: Karşılaştırmalı Bir İnceleme,publication,Journal article,"[{'index': 0, 'is_last': True, 'parent': {'pid_type': 'recid', 'pid_value': '3233660'}}]",cc-by-4.0,10.5281/zenodo.3233661,"[{'name': 'Aksoy, Tamer', 'affiliation': None, 'orcid': '0000-0001-6483-4547'}]",open,https://zenodo.org/api/records/3233661/versions,https://zenodo.org/api/iiif/record:3233661/sequence/default,hf:LoanApprovalPrediction,2026-03-29_00-43,0.0,1442.0,35.0,1.0,Urban,LP001086,Not Graduate,No,Male,0,No,tier_2,0.85,rule_1:0.0 <= 0.0 < 1211.5
202,True,100.0,103.0,101.0,53.0,54.0,101.0,53.0,54.0,8.0,3233661.0,3233661.0,3233660.0,2024-07-22T22:44:27.990145+00:00,done,[{'id': '67269'}],2024-07-22T22:44:27.990145+00:00,Basel II Sermaye Yeterliliği Düzenlemesinin AB İpotekli Konut Finansman (Mortgage) Piyasalarına Etkisi: Karşılaştırmalı Bir İnceleme,publication,Journal article,"[{'index': 0, 'is_last': True, 'parent': {'pid_type': 'recid', 'pid_value': '3233660'}}]",cc-by-4.0,10.5281/zenodo.3233661,"[{'name': 'Aksoy, Tamer', 'affiliation': None, 'orcid': '0000-0001-6483-4547'}]",open,https://zenodo.org/api/records/3233661/versions,https://zenodo.org/api/iiif/record:3233661/sequence/default,hf:LoanApprovalPrediction,2026-03-29_00-43,0.0,3418.0,127.0,1.0,Semiurban,LP001702,Graduate,No,Male,0,No,tier_2,0.85,rule_1:0.0 <= 0.0 < 1211.5
335,True,100.0,103.0,101.0,53.0,54.0,101.0,53.0,54.0,8.0,3233661.0,3233661.0,3233660.0,2024-07-22T22:44:27.990145+00:00,done,[{'id': '67269'}],2024-07-22T22:44:27.990145+00:00,Basel II Sermaye Yeterliliği Düzenlemesinin AB İpotekli Konut Finansman (Mortgage) Piyasalarına Etkisi: Karşılaştırmalı Bir İnceleme,publication,Journal article,"[{'index': 0, 'is_last': True, 'parent': {'pid_type': 'recid', 'pid_value': '3233660'}}]",cc-by-4.0,10.5281/zenodo.3233661,"[{'name': 'Aksoy, Tamer', 'affiliation': None, 'orcid': '0000-0001-6483-4547'}]",open,https://zenodo.org/api/records/3233661/versions,https://zenodo.org/api/iiif/record:3233661/sequence/default,hf:LoanApprovalPrediction,2026-03-29_00-43,3230.0,3523.0,152.0,0.0,Rural,LP002130,Not Graduate,Yes,Male,0,No,tier_4,0.65,rule_3:3230.0 >= 2250.0
32,True,100.0,103.0,101.0,53.0,54.0,101.0,53.0,54.0,8.0,3233661.0,3233661.0,3233660.0,2024-07-22T22:44:27.990145+00:00,done,[{'id': '67269'}],2024-07-22T22:44:27.990145+00:00,Basel II Sermaye Yeterliliği Düzenlemesinin AB İpotekli Konut Finansman (Mortgage) Piyasalarına Etkisi: Karşılaştırmalı Bir İnceleme,publication,Journal article,"[{'index': 0, 'is_last': True, 'parent': {'pid_type': 'recid', 'pid_value': '3233660'}}]",cc-by-4.0,10.5281/zenodo.3233661,"[{'name': 'Aksoy, Tamer', 'affiliation': None, 'orcid': '0000-0001-6483-4547'}]",open,https://zenodo.org/api/records/3233661/versions,https://zenodo.org/api/iiif/record:3233661/sequence/default,hf:LoanApprovalPrediction,2026-03-29_00-43,0.0,4692.0,106.0,1.0,Rural,LP001097,Graduate,No,Male,1,Yes,tier_2,0.85,rule_1:0.0 <= 0.0 < 1211.5
46,True,100.0,103.0,101.0,53.0,54.0,101.0,53.0,54.0,8.0,3233661.0,3233661.0,3233660.0,2024-07-22T22:44:27.990145+00:00,done,[{'id': '67269'}],2024-07-22T22:44:27.990145+00:00,Basel II Sermaye Yeterliliği Düzenlemesinin AB İpotekli Konut Finansman (Mortgage) Piyasalarına Etkisi: Karşılaştırmalı Bir İnceleme,publication,Journal article,"[{'index': 0, 'is_last': True, 'parent': {'pid_type': 'recid', 'pid_value': '3233660'}}]",cc-by-4.0,10.5281/zenodo.3233661,"[{'name': 'Aksoy, Tamer', 'affiliation': None, 'orcid': '0000-0001-6483-4547'}]",open,https://zenodo.org/api/records/3233661/versions,https://zenodo.org/api/iiif/record:3233661/sequence/default,hf:LoanApprovalPrediction,2026-03-29_00-43,0.0,5649.0,44.0,1.0,Urban,LP001138,Graduate,Yes,Male,1,No,tier_2,0.85,rule_1:0.0 <= 0.0 < 1211.5
486,True,100.0,103.0,101.0,53.0,54.0,101.0,53.0,54.0,8.0,3233661.0,3233661.0,3233660.0,2024-07-22T22:44:27.990145+00:00,done,[{'id': '67269'}],2024-07-22T22:44:27.990145+00:00,Basel II Sermaye Yeterliliği Düzenlemesinin AB İpotekli Konut Finansman (Mortgage) Piyasalarına Etkisi: Karşılaştırmalı Bir İnceleme,publication,Journal article,"[{'index': 0, 'is_last': True, 'parent': {'pid_type': 'recid', 'pid_value': '3233660'}}]",cc-by-4.0,10.5281/zenodo.3233661,"[{'name': 'Aksoy, Tamer', 'affiliation': None, 'orcid': '0000-0001-6483-4547'}]",open,https://zenodo.org/api/records/3233661/versions,https://zenodo.org/api/iiif/record:3233661/sequence/default,hf:LoanApprovalPrediction,2026-03-29_00-43,4416.0,3510.0,243.0,1.0,Rural,LP002622,Graduate,Yes,Male,2,No,tier_4,0.65,rule_3:4416.0 >= 2250.0
514,True,100.0,103.0,101.0,53.0,54.0,101.0,53.0,54.0,8.0,3233661.0,3233661.0,3233660.0,2024-07-22T22:44:27.990145+00:00,done,[{'id': '67269'}],2024-07-22T22:44:27.990145+00:00,Basel II Sermaye Yeterliliği Düzenlemesinin AB İpotekli Konut Finansman (Mortgage) Piyasalarına Etkisi: Karşılaştırmalı Bir İnceleme,publication,Journal article,"[{'index': 0, 'is_last': True, 'parent': {'pid_type': 'recid', 'pid_value': '3233660'}}]",cc-by-4.0,10.5281/zenodo.3233661,"[{'name': 'Aksoy, Tamer', 'affiliation': None, 'orcid': '0000-0001-6483-4547'}]",open,https://zenodo.org/api/records/3233661/versions,https://zenodo.org/api/iiif/record:3233661/sequence/default,hf:LoanApprovalPrediction,2026-03-29_00-43,3906.0,6133.0,324.0,1.0,Urban,LP002734,Graduate,Yes,Male,0,No,tier_4,0.65,rule_3:3906.0 >= 2250.0
106,True,100.0,103.0,101.0,53.0,54.0,101.0,53.0,54.0,8.0,3233661.0,3233661.0,3233660.0,2024-07-22T22:44:27.990145+00:00,done,[{'id': '67269'}],2024-07-22T22:44:27.990145+00:00,Basel II Sermaye Yeterliliği Düzenlemesinin AB İpotekli Konut Finansman (Mortgage) Piyasalarına Etkisi: Karşılaştırmalı Bir İnceleme,publication,Journal article,"[{'index': 0, 'is_last': True, 'parent': {'pid_type': 'recid', 'pid_value': '3233660'}}]",cc-by-4.0,10.5281/zenodo.3233661,"[{'name': 'Aksoy, Tamer', 'affiliation': None, 'orcid': '0000-0001-6483-4547'}]",open,https://zenodo.org/api/records/3233661/versions,https://zenodo.org/api/iiif/record:3233661/sequence/default,hf:LoanApprovalPrediction,2026-03-29_00-43,1126.0,11417.0,225.0,1.0,Urban,LP001369,Graduate,Yes,Male,2,No,tier_2,0.85,rule_1:0.0 <= 1126.0 < 1211.5
355,True,100.0,103.0,101.0,53.0,54.0,101.0,53.0,54.0,8.0,3233661.0,3233661.0,3233660.0,2024-07-22T22:44:27.990145+00:00,done,[{'id': '67269'}],2024-07-22T22:44:27.990145+00:00,Basel II Sermaye Yeterliliği Düzenlemesinin AB İpotekli Konut Finansman (Mortgage) Piyasalarına Etkisi: Karşılaştırmalı Bir İnceleme,publication,Journal article,"[{'index': 0, 'is_last': True, 'parent': {'pid_type': 'recid', 'pid_value': '3233660'}}]",cc-by-4.0,10.5281/zenodo.3233661,"[{'name': 'Aksoy, Tamer', 'affiliation': None, 'orcid': '0000-0001-6483-4547'}]",open,https://zenodo.org/api/records/3233661/versions,https://zenodo.org/api/iiif/record:3233661/sequence/default,hf:LoanApprovalPrediction,2026-03-29_00-43,0.0,2500.0,96.0,1.0,Semiurban,LP002187,Graduate,No,Male,0,No,tier_2,0.85,rule_1:0.0 <= 0.0 < 1211.5
562,True,100.0,103.0,101.0,53.0,54.0,101.0,53.0,54.0,8.0,3233661.0,3233661.0,3233660.0,2024-07-22T22:44:27.990145+00:00,done,[{'id': '67269'}],2024-07-22T22:44:27.990145+00:00,Basel II Sermaye Yeterliliği Düzenlemesinin AB İpotekli Konut Finansman (Mortgage) Piyasalarına Etkisi: Karşılaştırmalı Bir İnceleme,publication,Journal article,"[{'index': 0, 'is_last': True, 'parent': {'pid_type': 'recid', 'pid_value': '3233660'}}]",cc-by-4.0,10.5281/zenodo.3233661,"[{'name': 'Aksoy, Tamer', 'affiliation': None, 'orcid': '0000-0001-6483-4547'}]",open,https://zenodo.org/api/records/3233661/versions,https://zenodo.org/api/iiif/record:3233661/sequence/default,hf:LoanApprovalPrediction,2026-03-29_00-43,1522.0,2297.0,104.0,1.0,Urban,LP002916,Graduate,Yes,Male,0,No,tier_3,0.75,rule_2:1211.5 <= 1522.0 < 2250.0
305,True,100.0,103.0,101.0,53.0,54.0,101.0,53.0,54.0,8.0,3233661.0,3233661.0,3233660.0,2024-07-22T22:44:27.990145+00:00,done,[{'id': '67269'}],2024-07-22T22:44:27.990145+00:00,Basel II Sermaye Yeterliliği Düzenlemesinin AB İpotekli Konut Finansman (Mortgage) Piyasalarına Etkisi: Karşılaştırmalı Bir İnceleme,publication,Journal article,"[{'index': 0, 'is_last': True, 'parent': {'pid_type': 'recid', 'pid_value': '3233660'}}]",cc-by-4.0,10.5281/zenodo.3233661,"[{'name': 'Aksoy, Tamer', 'affiliation': None, 'orcid': '0000-0001-6483-4547'}]",open,https://zenodo.org/api/records/3233661/versions,https://zenodo.org/api/iiif/record:3233661/sequence/default,hf:LoanApprovalPrediction,2026-03-29_00-43,1843.0,2473.0,159.0,1.0,Rural,LP002024,Graduate,Yes,Male,0,No,tier_3,0.75,rule_2:1211.5 <= 1843.0 < 2250.0
54,True,100.0,103.0,101.0,53.0,54.0,101.0,53.0,54.0,8.0,3233661.0,3233661.0,3233660.0,2024-07-22T22:44:27.990145+00:00,done,[{'id': '67269'}],2024-07-22T22:44:27.990145+00:00,Basel II Sermaye Yeterliliği Düzenlemesinin AB İpotekli Konut Finansman (Mortgage) Piyasalarına Etkisi: Karşılaştırmalı Bir İnceleme,publication,Journal article,"[{'index': 0, 'is_last': True, 'parent': {'pid_type': 'recid', 'pid_value': '3233660'}}]",cc-by-4.0,10.5281/zenodo.3233661,"[{'name': 'Aksoy, Tamer', 'affiliation': None, 'orcid': '0000-0001-6483-4547'}]",open,https://zenodo.org/api/records/3233661/versions,https://zenodo.org/api/iiif/record:3233661/sequence/default,hf:LoanApprovalPrediction,2026-03-29_00-43,0.0,11500.0,286.0,0.0,Urban,LP001186,Graduate,Yes,Female,1,Yes,tier_2,0.85,rule_1:0.0 <= 0.0 < 1211.5
217,True,100.0,103.0,101.0,53.0,54.0,101.0,53.0,54.0,8.0,3233661.0,3233661.0,3233660.0,2024-07-22T22:44:27.990145+00:00,done,[{'id': '67269'}],2024-07-22T22:44:27.990145+00:00,Basel II Sermaye Yeterliliği Düzenlemesinin AB İpotekli Konut Finansman (Mortgage) Piyasalarına Etkisi: Karşılaştırmalı Bir İnceleme,publication,Journal article,"[{'index': 0, 'is_last': True, 'parent': {'pid_type': 'recid', 'pid_value': '3233660'}}]",cc-by-4.0,10.5281/zenodo.3233661,"[{'name': 'Aksoy, Tamer', 'affiliation': None, 'orcid': '0000-0001-6483-4547'}]",open,https://zenodo.org/api/records/3233661/versions,https://zenodo.org/api/iiif/record:3233661/sequence/default,hf:LoanApprovalPrediction,2026-03-29_00-43,0.0,6250.0,128.0,1.0,Semiurban,LP001750,Graduate,Yes,Male,0,No,tier_2,0.85,rule_1:0.0 <= 0.0 < 1211.5
364,True,100.0,103.0,101.0,53.0,54.0,101.0,53.0,54.0,8.0,3233661.0,3233661.0,3233660.0,2024-07-22T22:44:27.990145+00:00,done,[{'id': '67269'}],2024-07-22T22:44:27.990145+00:00,Basel II Sermaye Yeterliliği Düzenlemesinin AB İpotekli Konut Finansman (Mortgage) Piyasalarına Etkisi: Karşılaştırmalı Bir İnceleme,publication,Journal article,"[{'index': 0, 'is_last': True, 'parent': {'pid_type': 'recid', 'pid_value': '3233660'}}]",cc-by-4.0,10.5281/zenodo.3233661,"[{'name': 'Aksoy, Tamer', 'affiliation': None, 'orcid': '0000-0001-6483-4547'}]",open,https://zenodo.org/api/records/3233661/versions,https://zenodo.org/api/iiif/record:3233661/sequence/default,hf:LoanApprovalPrediction,2026-03-29_00-43,0.0,4310.0,130.0,1.0,Semiurban,LP002223,Graduate,Yes,Male,0,No,tier_2,0.85,rule_1:0.0 <= 0.0 < 1211.5
125,True,100.0,103.0,101.0,53.0,54.0,101.0,53.0,54.0,8.0,3233661.0,3233661.0,3233660.0,2024-07-22T22:44:27.990145+00:00,done,[{'id': '67269'}],2024-07-22T22:44:27.990145+00:00,Basel II Sermaye Yeterliliği Düzenlemesinin AB İpotekli Konut Finansman (Mortgage) Piyasalarına Etkisi: Karşılaştırmalı Bir İnceleme,publication,Journal article,"[{'index': 0, 'is_last': True, 'parent': {'pid_type': 'recid', 'pid_value': '3233660'}}]",cc-by-4.0,10.5281/zenodo.3233661,"[{'name': 'Aksoy, Tamer', 'affiliation': None, 'orcid': '0000-0001-6483-4547'}]",open,https://zenodo.org/api/records/3233661/versions,https://zenodo.org/api/iiif/record:3233661/sequence/default,hf:LoanApprovalPrediction,2026-03-29_00-43,0.0,3692.0,93.0,1.0,Rural,LP001443,Graduate,No,Female,0,No,tier_2,0.85,rule_1:0.0 <= 0.0 < 1211.5
496,True,100.0,103.0,101.0,53.0,54.0,101.0,53.0,54.0,8.0,3233661.0,3233661.0,3233660.0,2024-07-22T22:44:27.990145+00:00,done,[{'id': '67269'}],2024-07-22T22:44:27.990145+00:00,Basel II Sermaye Yeterliliği Düzenlemesinin AB İpotekli Konut Finansman (Mortgage) Piyasalarına Etkisi: Karşılaştırmalı Bir İnceleme,publication,Journal article,"[{'index': 0, 'is_last': True, 'parent': {'pid_type': 'recid', 'pid_value': '3233660'}}]",cc-by-4.0,10.5281/zenodo.3233661,"[{'name': 'Aksoy, Tamer', 'affiliation': None, 'orcid': '0000-0001-6483-4547'}]",open,https://zenodo.org/api/records/3233661/versions,https://zenodo.org/api/iiif/record:3233661/sequence/default,hf:LoanApprovalPrediction,2026-03-29_00-43,1632.0,2031.0,113.0,1.0,Semiurban,LP002670,Graduate,Yes,Female,2,No,tier_3,0.75,rule_2:1211.5 <= 1632.0 < 2250.0
242,True,100.0,103.0,101.0,53.0,54.0,101.0,53.0,54.0,8.0,3233661.0,3233661.0,3233660.0,2024-07-22T22:44:27.990145+00:00,done,[{'id': '67269'}],2024-07-22T22:44:27.990145+00:00,Basel II Sermaye Yeterliliği Düzenlemesinin AB İpotekli Konut Finansman (Mortgage) Piyasalarına Etkisi: Karşılaştırmalı Bir İnceleme,publication,Journal article,"[{'index': 0, 'is_last': True, 'parent': {'pid_type': 'recid', 'pid_value': '3233660'}}]",cc-by-4.0,10.5281/zenodo.3233661,"[{'name': 'Aksoy, Tamer', 'affiliation': None, 'orcid': '0000-0001-6483-4547'}]",open,https://zenodo.org/api/records/3233661/versions,https://zenodo.org/api/iiif/record:3233661/sequence/default,hf:LoanApprovalPrediction,2026-03-29_00-43,1868.0,1809.0,90.0,1.0,Urban,LP001825,Graduate,Yes,Male,0,No,tier_3,0.75,rule_2:1211.5 <= 1868.0 < 2250.0
357,True,100.0,103.0,101.0,53.0,54.0,101.0,53.0,54.0,8.0,3233661.0,3233661.0,3233660.0,2024-07-22T22:44:27.990145+00:00,done,[{'id': '67269'}],2024-07-22T22:44:27.990145+00:00,Basel II Sermaye Yeterliliği Düzenlemesinin AB İpotekli Konut Finansman (Mortgage) Piyasalarına Etkisi: Karşılaştırmalı Bir İnceleme,publication,Journal article,"[{'index': 0, 'is_last': True, 'parent': {'pid_type': 'recid', 'pid_value': '3233660'}}]",cc-by-4.0,10.5281/zenodo.3233661,"[{'name': 'Aksoy, Tamer', 'affiliation': None, 'orcid': '0000-0001-6483-4547'}]",open,https://zenodo.org/api/records/3233661/versions,https://zenodo.org/api/iiif/record:3233661/sequence/default,hf:LoanApprovalPrediction,2026-03-29_00-43,0.0,6325.0,175.0,1.0,Semiurban,LP002190,Graduate,Yes,Male,1,No,tier_2,0.85,rule_1:0.0 <= 0.0 < 1211.5
314,True,100.0,103.0,101.0,53.0,54.0,101.0,53.0,54.0,8.0,3233661.0,3233661.0,3233660.0,2024-07-22T22:44:27.990145+00:00,done,[{'id': '67269'}],2024-07-22T22:44:27.990145+00:00,Basel II Sermaye Yeterliliği Düzenlemesinin AB İpotekli Konut Finansman (Mortgage) Piyasalarına Etkisi: Karşılaştırmalı Bir İnceleme,publication,Journal article,"[{'index': 0, 'is_last': True, 'parent': {'pid_type': 'recid', 'pid_value': '3233660'}}]",cc-by-4.0,10.5281/zenodo.3233661,"[{'name': 'Aksoy, Tamer', 'affiliation': None, 'orcid': '0000-0001-6483-4547'}]",open,https://zenodo.org/api/records/3233661/versions,https://zenodo.org/api/iiif/record:3233661/sequence/default,hf:LoanApprovalPrediction,2026-03-29_00-43,2985.0,3166.0,132.0,1.0,Rural,LP002055,Graduate,No,Female,0,No,tier_4,0.65,rule_3:2985.0 >= 2250.0
252,True,100.0,103.0,101.0,53.0,54.0,101.0,53.0,54.0,8.0,3233661.0,3233661.0,3233660.0,2024-07-22T22:44:27.990145+00:00,done,[{'id': '67269'}],2024-07-22T22:44:27.990145+00:00,Basel II Sermaye Yeterliliği Düzenlemesinin AB İpotekli Konut Finansman (Mortgage) Piyasalarına Etkisi: Karşılaştırmalı Bir İnceleme,publication,Journal article,"[{'index': 0, 'is_last': True, 'parent': {'pid_type': 'recid', 'pid_value': '3233660'}}]",cc-by-4.0,10.5281/zenodo.3233661,"[{'name': 'Aksoy, Tamer', 'affiliation': None, 'orcid': '0000-0001-6483-4547'}]",open,https://zenodo.org/api/records/3233661/versions,https://zenodo.org/api/iiif/record:3233661/sequence/default,hf:LoanApprovalPrediction,2026-03-29_00-43,0.0,4931.0,128.0,1.0,Semiurban,LP001864,Not Graduate,Yes,Male,3+,No,tier_2,0.85,rule_1:0.0 <= 0.0 < 1211.5
407,True,100.0,103.0,101.0,53.0,54.0,101.0,53.0,54.0,8.0,3233661.0,3233661.0,3233660.0,2024-07-22T22:44:27.990145+00:00,done,[{'id': '67269'}],2024-07-22T22:44:27.990145+00:00,Basel II Sermaye Yeterliliği Düzenlemesinin AB İpotekli Konut Finansman (Mortgage) Piyasalarına Etkisi: Karşılaştırmalı Bir İnceleme,publication,Journal article,"[{'index': 0, 'is_last': True, 'parent': {'pid_type': 'recid', 'pid_value': '3233660'}}]",cc-by-4.0,10.5281/zenodo.3233661,"[{'name': 'Aksoy, Tamer', 'affiliation': None, 'orcid': '0000-0001-6483-4547'}]",open,https://zenodo.org/api/records/3233661/versions,https://zenodo.org/api/iiif/record:3233661/sequence/default,hf:LoanApprovalPrediction,2026-03-29_00-43,1667.0,7250.0,110.0,0.0,Urban,LP002362,Graduate,Yes,Male,1,No,tier_3,0.75,rule_2:1211.5 <= 1667.0 < 2250.0
570,True,100.0,103.0,101.0,53.0,54.0,101.0,53.0,54.0,8.0,3233661.0,3233661.0,3233660.0,2024-07-22T22:44:27.990145+00:00,done,[{'id': '67269'}],2024-07-22T22:44:27.990145+00:00,Basel II Sermaye Yeterliliği Düzenlemesinin AB İpotekli Konut Finansman (Mortgage) Piyasalarına Etkisi: Karşılaştırmalı Bir İnceleme,publication,Journal article,"[{'index': 0, 'is_last': True, 'parent': {'pid_type': 'recid', 'pid_value': '3233660'}}]",cc-by-4.0,10.5281/zenodo.3233661,"[{'name': 'Aksoy, Tamer', 'affiliation': None, 'orcid': '0000-0001-6483-4547'}]",open,https://zenodo.org/api/records/3233661/versions,https://zenodo.org/api/iiif/record:3233661/sequence/default,hf:LoanApprovalPrediction,2026-03-29_00-43,0.0,16120.0,260.0,1.0,Urban,LP002938,Graduate,Yes,Male,0,Yes,tier_2,0.85,rule_1:0.0 <= 0.0 < 1211.5
384,True,100.0,103.0,101.0,53.0,54.0,101.0,53.0,54.0,8.0,3233661.0,3233661.0,3233660.0,2024-07-22T22:44:27.990145+00:00,done,[{'id': '67269'}],2024-07-22T22:44:27.990145+00:00,Basel II Sermaye Yeterliliği Düzenlemesinin AB İpotekli Konut Finansman (Mortgage) Piyasalarına Etkisi: Karşılaştırmalı Bir İnceleme,publication,Journal article,"[{'index': 0, 'is_last': True, 'parent': {'pid_type': 'recid', 'pid_value': '3233660'}}]",cc-by-4.0,10.5281/zenodo.3233661,"[{'name': 'Aksoy, Tamer', 'affiliation': None, 'orcid': '0000-0001-6483-4547'}]",open,https://zenodo.org/api/records/3233661/versions,https://zenodo.org/api/iiif/record:3233661/sequence/default,hf:LoanApprovalPrediction,2026-03-29_00-43,1459.0,3033.0,95.0,1.0,Urban,LP002281,Graduate,Yes,Male,0,No,tier_3,0.75,rule_2:1211.5 <= 1459.0 < 2250.0
389,True,100.0,103.0,101.0,53.0,54.0,101.0,53.0,54.0,8.0,3233661.0,3233661.0,3233660.0,2024-07-22T22:44:27.990145+00:00,done,[{'id': '67269'}],2024-07-22T22:44:27.990145+00:00,Basel II Sermaye Yeterliliği Düzenlemesinin AB İpotekli Konut Finansman (Mortgage) Piyasalarına Etkisi: Karşılaştırmalı Bir İnceleme,publication,Journal article,"[{'index': 0, 'is_last': True, 'parent': {'pid_type': 'recid', 'pid_value': '3233660'}}]",cc-by-4.0,10.5281/zenodo.3233661,"[{'name': 'Aksoy, Tamer', 'affiliation': None, 'orcid': '0000-0001-6483-4547'}]",open,https://zenodo.org/api/records/3233661/versions,https://zenodo.org/api/iiif/record:3233661/sequence/default,hf:LoanApprovalPrediction,2026-03-29_00-43,0.0,1963.0,53.0,1.0,Semiurban,LP002300,Not Graduate,No,Female,0,No,tier_2,0.85,rule_1:0.0 <= 0.0 < 1211.5
254,True,100.0,103.0,101.0,53.0,54.0,101.0,53.0,54.0,8.0,3233661.0,3233661.0,3233660.0,2024-07-22T22:44:27.990145+00:00,done,[{'id': '67269'}],2024-07-22T22:44:27.990145+00:00,Basel II Sermaye Yeterliliği Düzenlemesinin AB İpotekli Konut Finansman (Mortgage) Piyasalarına Etkisi: Karşılaştırmalı Bir İnceleme,publication,Journal article,"[{'index': 0, 'is_last': True, 'parent': {'pid_type': 'recid', 'pid_value': '3233660'}}]",cc-by-4.0,10.5281/zenodo.3233661,"[{'name': 'Aksoy, Tamer', 'affiliation': None, 'orcid': '0000-0001-6483-4547'}]",open,https://zenodo.org/api/records/3233661/versions,https://zenodo.org/api/iiif/record:3233661/sequence/default,hf:LoanApprovalPrediction,2026-03-29_00-43,2209.0,2060.0,134.0,1.0,Semiurban,LP001868,Graduate,No,Male,0,No,tier_3,0.75,rule_2:1211.5 <= 2209.0 < 2250.0
219,True,100.0,103.0,101.0,53.0,54.0,101.0,53.0,54.0,8.0,3233661.0,3233661.0,3233660.0,2024-07-22T22:44:27.990145+00:00,done,[{'id': '67269'}],2024-07-22T22:44:27.990145+00:00,Basel II Sermaye Yeterliliği Düzenlemesinin AB İpotekli Konut Finansman (Mortgage) Piyasalarına Etkisi: Karşılaştırmalı Bir İnceleme,publication,Journal article,"[{'index': 0, 'is_last': True, 'parent': {'pid_type': 'recid', 'pid_value': '3233660'}}]",cc-by-4.0,10.5281/zenodo.3233661,"[{'name': 'Aksoy, Tamer', 'affiliation': None, 'orcid': '0000-0001-6483-4547'}]",open,https://zenodo.org/api/records/3233661/versions,https://zenodo.org/api/iiif/record:3233661/sequence/default,hf:LoanApprovalPrediction,2026-03-29_00-43,0.0,4735.0,138.0,1.0,Urban,LP001754,Not Graduate,Yes,Male,0,Yes,tier_2,0.85,rule_1:0.0 <= 0.0 < 1211.5
44,True,100.0,103.0,101.0,53.0,54.0,101.0,53.0,54.0,8.0,3233661.0,3233661.0,3233660.0,2024-07-22T22:44:27.990145+00:00,done,[{'id': '67269'}],2024-07-22T22:44:27.990145+00:00,Basel II Sermaye Yeterliliği Düzenlemesinin AB İpotekli Konut Finansman (Mortgage) Piyasalarına Etkisi: Karşılaştırmalı Bir İnceleme,publication,Journal article,"[{'index': 0, 'is_last': True, 'parent': {'pid_type': 'recid', 'pid_value': '3233660'}}]",cc-by-4.0,10.5281/zenodo.3233661,"[{'name': 'Aksoy, Tamer', 'affiliation': None, 'orcid': '0000-0001-6483-4547'}]",open,https://zenodo.org/api/records/3233661/versions,https://zenodo.org/api/iiif/record:3233661/sequence/default,hf:LoanApprovalPrediction,2026-03-29_00-43,0.0,4695.0,96.0,1.0,Urban,LP001136,Not Graduate,Yes,Male,0,Yes,tier_2,0.85,rule_1:0.0 <= 0.0 < 1211.5
45,True,100.0,103.0,101.0,53.0,54.0,101.0,53.0,54.0,8.0,3233661.0,3233661.0,3233660.0,2024-07-22T22:44:27.990145+00:00,done,[{'id': '67269'}],2024-07-22T22:44:27.990145+00:00,Basel II Sermaye Yeterliliği Düzenlemesinin AB İpotekli Konut Finansman (Mortgage) Piyasalarına Etkisi: Karşılaştırmalı Bir İnceleme,publication,Journal article,"[{'index': 0, 'is_last': True, 'parent': {'pid_type': 'recid', 'pid_value': '3233660'}}]",cc-by-4.0,10.5281/zenodo.3233661,"[{'name': 'Aksoy, Tamer', 'affiliation': None, 'orcid': '0000-0001-6483-4547'}]",open,https://zenodo.org/api/records/3233661/versions,https://zenodo.org/api/iiif/record:3233661/sequence/default,hf:LoanApprovalPrediction,2026-03-29_00-43,0.0,3410.0,88.0,1.0,Urban,LP001137,Graduate,No,Female,0,No,tier_2,0.85,rule_1:0.0 <= 0.0 < 1211.5
24,True,100.0,103.0,101.0,53.0,54.0,101.0,53.0,54.0,8.0,3233661.0,3233661.0,3233660.0,2024-07-22T22:44:27.990145+00:00,done,[{'id': '67269'}],2024-07-22T22:44:27.990145+00:00,Basel II Sermaye Yeterliliği Düzenlemesinin AB İpotekli Konut Finansman (Mortgage) Piyasalarına Etkisi: Karşılaştırmalı Bir İnceleme,publication,Journal article,"[{'index': 0, 'is_last': True, 'parent': {'pid_type': 'recid', 'pid_value': '3233660'}}]",cc-by-4.0,10.5281/zenodo.3233661,"[{'name': 'Aksoy, Tamer', 'affiliation': None, 'orcid': '0000-0001-6483-4547'}]",open,https://zenodo.org/api/records/3233661/versions,https://zenodo.org/api/iiif/record:3233661/sequence/default,hf:LoanApprovalPrediction,2026-03-29_00-43,2925.0,3717.0,151.0,1.0,Semiurban,LP001052,Graduate,Yes,Male,1,No,tier_4,0.65,rule_3:2925.0 >= 2250.0
375,True,100.0,103.0,101.0,53.0,54.0,101.0,53.0,54.0,8.0,3233661.0,3233661.0,3233660.0,2024-07-22T22:44:27.990145+00:00,done,[{'id': '67269'}],2024-07-22T22:44:27.990145+00:00,Basel II Sermaye Yeterliliği Düzenlemesinin AB İpotekli Konut Finansman (Mortgage) Piyasalarına Etkisi: Karşılaştırmalı Bir İnceleme,publication,Journal article,"[{'index': 0, 'is_last': True, 'parent': {'pid_type': 'recid', 'pid_value': '3233660'}}]",cc-by-4.0,10.5281/zenodo.3233661,"[{'name': 'Aksoy, Tamer', 'affiliation': None, 'orcid': '0000-0001-6483-4547'}]",open,https://zenodo.org/api/records/3233661/versions,https://zenodo.org/api/iiif/record:3233661/sequence/default,hf:LoanApprovalPrediction,2026-03-29_00-43,2417.0,2333.0,136.0,1.0,Urban,LP002244,Graduate,Yes,Male,0,No,tier_4,0.65,rule_3:2417.0 >= 2250.0
215,True,100.0,103.0,101.0,53.0,54.0,101.0,53.0,54.0,8.0,3233661.0,3233661.0,3233660.0,2024-07-22T22:44:27.990145+00:00,done,[{'id': '67269'}],2024-07-22T22:44:27.990145+00:00,Basel II Sermaye Yeterliliği Düzenlemesinin AB İpotekli Konut Finansman (Mortgage) Piyasalarına Etkisi: Karşılaştırmalı Bir İnceleme,publication,Journal article,"[{'index': 0, 'is_last': True, 'parent': {'pid_type': 'recid', 'pid_value': '3233660'}}]",cc-by-4.0,10.5281/zenodo.3233661,"[{'name': 'Aksoy, Tamer', 'affiliation': None, 'orcid': '0000-0001-6483-4547'}]",open,https://zenodo.org/api/records/3233661/versions,https://zenodo.org/api/iiif/record:3233661/sequence/default,hf:LoanApprovalPrediction,2026-03-29_00-43,2791.0,2971.0,144.0,1.0,Semiurban,LP001744,Graduate,No,Male,0,No,tier_4,0.65,rule_3:2791.0 >= 2250.0
301,True,100.0,103.0,101.0,53.0,54.0,101.0,53.0,54.0,8.0,3233661.0,3233661.0,3233660.0,2024-07-22T22:44:27.990145+00:00,done,[{'id': '67269'}],2024-07-22T22:44:27.990145+00:00,Basel II Sermaye Yeterliliği Düzenlemesinin AB İpotekli Konut Finansman (Mortgage) Piyasalarına Etkisi: Karşılaştırmalı Bir İnceleme,publication,Journal article,"[{'index': 0, 'is_last': True, 'parent': {'pid_type': 'recid', 'pid_value': '3233660'}}]",cc-by-4.0,10.5281/zenodo.3233661,"[{'name': 'Aksoy, Tamer', 'affiliation': None, 'orcid': '0000-0001-6483-4547'}]",open,https://zenodo.org/api/records/3233661/versions,https://zenodo.org/api/iiif/record:3233661/sequence/default,hf:LoanApprovalPrediction,2026-03-29_00-43,0.0,2917.0,84.0,1.0,Semiurban,LP002002,Graduate,No,Female,0,No,tier_2,0.85,rule_1:0.0 <= 0.0 < 1211.5
489,True,100.0,103.0,101.0,53.0,54.0,101.0,53.0,54.0,8.0,3233661.0,3233661.0,3233660.0,2024-07-22T22:44:27.990145+00:00,done,[{'id': '67269'}],2024-07-22T22:44:27.990145+00:00,Basel II Sermaye Yeterliliği Düzenlemesinin AB İpotekli Konut Finansman (Mortgage) Piyasalarına Etkisi: Karşılaştırmalı Bir İnceleme,publication,Journal article,"[{'index': 0, 'is_last': True, 'parent': {'pid_type': 'recid', 'pid_value': '3233660'}}]",cc-by-4.0,10.5281/zenodo.3233661,"[{'name': 'Aksoy, Tamer', 'affiliation': None, 'orcid': '0000-0001-6483-4547'}]",open,https://zenodo.org/api/records/3233661/versions,https://zenodo.org/api/iiif/record:3233661/sequence/default,hf:LoanApprovalPrediction,2026-03-29_00-43,0.0,13262.0,40.0,1.0,Urban,LP002634,Graduate,No,Female,1,No,tier_2,0.85,rule_1:0.0 <= 0.0 < 1211.5
141,True,100.0,103.0,101.0,53.0,54.0,101.0,53.0,54.0,8.0,3233661.0,3233661.0,3233660.0,2024-07-22T22:44:27.990145+00:00,done,[{'id': '67269'}],2024-07-22T22:44:27.990145+00:00,Basel II Sermaye Yeterliliği Düzenlemesinin AB İpotekli Konut Finansman (Mortgage) Piyasalarına Etkisi: Karşılaştırmalı Bir İnceleme,publication,Journal article,"[{'index': 0, 'is_last': True, 'parent': {'pid_type': 'recid', 'pid_value': '3233660'}}]",cc-by-4.0,10.5281/zenodo.3233661,"[{'name': 'Aksoy, Tamer', 'affiliation': None, 'orcid': '0000-0001-6483-4547'}]",open,https://zenodo.org/api/records/3233661/versions,https://zenodo.org/api/iiif/record:3233661/sequence/default,hf:LoanApprovalPrediction,2026-03-29_00-43,2034.0,2698.0,122.0,1.0,Semiurban,LP001507,Graduate,Yes,Male,0,No,tier_3,0.75,rule_2:1211.5 <= 2034.0 < 2250.0
490,True,100.0,103.0,101.0,53.0,54.0,101.0,53.0,54.0,8.0,3233661.0,3233661.0,3233660.0,2024-07-22T22:44:27.990145+00:00,done,[{'id': '67269'}],2024-07-22T22:44:27.990145+00:00,Basel II Sermaye Yeterliliği Düzenlemesinin AB İpotekli Konut Finansman (Mortgage) Piyasalarına Etkisi: Karşılaştırmalı Bir İnceleme,publication,Journal article,"[{'index': 0, 'is_last': True, 'parent': {'pid_type': 'recid', 'pid_value': '3233660'}}]",cc-by-4.0,10.5281/zenodo.3233661,"[{'name': 'Aksoy, Tamer', 'affiliation': None, 'orcid': '0000-0001-6483-4547'}]",open,https://zenodo.org/api/records/3233661/versions,https://zenodo.org/api/iiif/record:3233661/sequence/default,hf:LoanApprovalPrediction,2026-03-29_00-43,1287.0,3598.0,100.0,1.0,Rural,LP002637,Not Graduate,No,Male,0,No,tier_3,0.75,rule_2:1211.5 <= 1287.0 < 2250.0
556,True,100.0,103.0,101.0,53.0,54.0,101.0,53.0,54.0,8.0,3233661.0,3233661.0,3233660.0,2024-07-22T22:44:27.990145+00:00,done,[{'id': '67269'}],2024-07-22T22:44:27.990145+00:00,Basel II Sermaye Yeterliliği Düzenlemesinin AB İpotekli Konut Finansman (Mortgage) Piyasalarına Etkisi: Karşılaştırmalı Bir İnceleme,publication,Journal article,"[{'index': 0, 'is_last': True, 'parent': {'pid_type': 'recid', 'pid_value': '3233660'}}]",cc-by-4.0,10.5281/zenodo.3233661,"[{'name': 'Aksoy, Tamer', 'affiliation': None, 'orcid': '0000-0001-6483-4547'}]",open,https://zenodo.org/api/records/3233661/versions,https://zenodo.org/api/iiif/record:3233661/sequence/default,hf:LoanApprovalPrediction,2026-03-29_00-43,2917.0,3182.0,161.0,1.0,Urban,LP002888,Graduate,No,Male,0,No,tier_4,0.65,rule_3:2917.0 >= 2250.0
113,True,100.0,103.0,101.0,53.0,54.0,101.0,53.0,54.0,8.0,3233661.0,3233661.0,3233660.0,2024-07-22T22:44:27.990145+00:00,done,[{'id': '67269'}],2024-07-22T22:44:27.990145+00:00,Basel II Sermaye Yeterliliği Düzenlemesinin AB İpotekli Konut Finansman (Mortgage) Piyasalarına Etkisi: Karşılaştırmalı Bir İnceleme,publication,Journal article,"[{'index': 0, 'is_last': True, 'parent': {'pid_type': 'recid', 'pid_value': '3233660'}}]",cc-by-4.0,10.5281/zenodo.3233661,"[{'name': 'Aksoy, Tamer', 'affiliation': None, 'orcid': '0000-0001-6483-4547'}]",open,https://zenodo.org/api/records/3233661/versions,https://zenodo.org/api/iiif/record:3233661/sequence/default,hf:LoanApprovalPrediction,2026-03-29_00-43,0.0,7451.0,126.5,1.0,Semiurban,LP001392,Graduate,No,Female,1,Yes,tier_2,0.85,rule_1:0.0 <= 0.0 < 1211.5
102,True,100.0,103.0,101.0,53.0,54.0,101.0,53.0,54.0,8.0,3233661.0,3233661.0,3233660.0,2024-07-22T22:44:27.990145+00:00,done,[{'id': '67269'}],2024-07-22T22:44:27.990145+00:00,Basel II Sermaye Yeterliliği Düzenlemesinin AB İpotekli Konut Finansman (Mortgage) Piyasalarına Etkisi: Karşılaştırmalı Bir İnceleme,publication,Journal article,"[{'index': 0, 'is_last': True, 'parent': {'pid_type': 'recid', 'pid_value': '3233660'}}]",cc-by-4.0,10.5281/zenodo.3233661,"[{'name': 'Aksoy, Tamer', 'affiliation': None, 'orcid': '0000-0001-6483-4547'}]",open,https://zenodo.org/api/records/3233661/versions,https://zenodo.org/api/iiif/record:3233661/sequence/default,hf:LoanApprovalPrediction,2026-03-29_00-43,0.0,13650.0,126.5,1.0,Urban,LP001350,Graduate,Yes,Male,0,No,tier_2,0.85,rule_1:0.0 <= 0.0 < 1211.5
370,True,100.0,103.0,101.0,53.0,54.0,101.0,53.0,54.0,8.0,3233661.0,3233661.0,3233660.0,2024-07-22T22:44:27.990145+00:00,done,[{'id': '67269'}],2024-07-22T22:44:27.990145+00:00,Basel II Sermaye Yeterliliği Düzenlemesinin AB İpotekli Konut Finansman (Mortgage) Piyasalarına Etkisi: Karşılaştırmalı Bir İnceleme,publication,Journal article,"[{'index': 0, 'is_last': True, 'parent': {'pid_type': 'recid', 'pid_value': '3233660'}}]",cc-by-4.0,10.5281/zenodo.3233661,"[{'name': 'Aksoy, Tamer', 'affiliation': None, 'orcid': '0000-0001-6483-4547'}]",open,https://zenodo.org/api/records/3233661/versions,https://zenodo.org/api/iiif/record:3233661/sequence/default,hf:LoanApprovalPrediction,2026-03-29_00-43,0.0,7167.0,128.0,1.0,Urban,LP002234,Graduate,No,Male,0,Yes,tier_2,0.85,rule_1:0.0 <= 0.0 < 1211.5
103,True,100.0,103.0,101.0,53.0,54.0,101.0,53.0,54.0,8.0,3233661.0,3233661.0,3233660.0,2024-07-22T22:44:27.990145+00:00,done,[{'id': '67269'}],2024-07-22T22:44:27.990145+00:00,Basel II Sermaye Yeterliliği Düzenlemesinin AB İpotekli Konut Finansman (Mortgage) Piyasalarına Etkisi: Karşılaştırmalı Bir İnceleme,publication,Journal article,"[{'index': 0, 'is_last': True, 'parent': {'pid_type': 'recid', 'pid_value': '3233660'}}]",cc-by-4.0,10.5281/zenodo.3233661,"[{'name': 'Aksoy, Tamer', 'affiliation': None, 'orcid': '0000-0001-6483-4547'}]",open,https://zenodo.org/api/records/3233661/versions,https://zenodo.org/api/iiif/record:3233661/sequence/default,hf:LoanApprovalPrediction,2026-03-29_00-43,3583.0,4652.0,126.5,1.0,Semiurban,LP001356,Graduate,Yes,Male,0,No,tier_4,0.65,rule_3:3583.0 >= 2250.0
149,True,100.0,103.0,101.0,53.0,54.0,101.0,53.0,54.0,8.0,3233661.0,3233661.0,3233660.0,2024-07-22T22:44:27.990145+00:00,done,[{'id': '67269'}],2024-07-22T22:44:27.990145+00:00,Basel II Sermaye Yeterliliği Düzenlemesinin AB İpotekli Konut Finansman (Mortgage) Piyasalarına Etkisi: Karşılaştırmalı Bir İnceleme,publication,Journal article,"[{'index': 0, 'is_last': True, 'parent': {'pid_type': 'recid', 'pid_value': '3233660'}}]",cc-by-4.0,10.5281/zenodo.3233661,"[{'name': 'Aksoy, Tamer', 'affiliation': None, 'orcid': '0000-0001-6483-4547'}]",open,https://zenodo.org/api/records/3233661/versions,https://zenodo.org/api/iiif/record:3233661/sequence/default,hf:LoanApprovalPrediction,2026-03-29_00-43,3750.0,2577.0,152.0,1.0,Rural,LP001529,Graduate,Yes,Male,0,Yes,tier_4,0.65,rule_3:3750.0 >= 2250.0
411,True,100.0,103.0,101.0,53.0,54.0,101.0,53.0,54.0,8.0,3233661.0,3233661.0,3233660.0,2024-07-22T22:44:27.990145+00:00,done,[{'id': '67269'}],2024-07-22T22:44:27.990145+00:00,Basel II Sermaye Yeterliliği Düzenlemesinin AB İpotekli Konut Finansman (Mortgage) Piyasalarına Etkisi: Karşılaştırmalı Bir İnceleme,publication,Journal article,"[{'index': 0, 'is_last': True, 'parent': {'pid_type': 'recid', 'pid_value': '3233660'}}]",cc-by-4.0,10.5281/zenodo.3233661,"[{'name': 'Aksoy, Tamer', 'affiliation': None, 'orcid': '0000-0001-6483-4547'}]",open,https://zenodo.org/api/records/3233661/versions,https://zenodo.org/api/iiif/record:3233661/sequence/default,hf:LoanApprovalPrediction,2026-03-29_00-43,0.0,5935.0,133.0,1.0,Semiurban,LP002368,Graduate,Yes,Male,2,No,tier_2,0.85,rule_1:0.0 <= 0.0 < 1211.5
112,True,100.0,103.0,101.0,53.0,54.0,101.0,53.0,54.0,8.0,3233661.0,3233661.0,3233660.0,2024-07-22T22:44:27.990145+00:00,done,[{'id': '67269'}],2024-07-22T22:44:27.990145+00:00,Basel II Sermaye Yeterliliği Düzenlemesinin AB İpotekli Konut Finansman (Mortgage) Piyasalarına Etkisi: Karşılaştırmalı Bir İnceleme,publication,Journal article,"[{'index': 0, 'is_last': True, 'parent': {'pid_type': 'recid', 'pid_value': '3233660'}}]",cc-by-4.0,10.5281/zenodo.3233661,"[{'name': 'Aksoy, Tamer', 'affiliation': None, 'orcid': '0000-0001-6483-4547'}]",open,https://zenodo.org/api/records/3233661/versions,https://zenodo.org/api/iiif/record:3233661/sequence/default,hf:LoanApprovalPrediction,2026-03-29_00-43,4114.0,3572.0,152.0,0.0,Rural,LP001391,Not Graduate,Yes,Male,0,No,tier_4,0.65,rule_3:4114.0 >= 2250.0
522,True,100.0,103.0,101.0,53.0,54.0,101.0,53.0,54.0,8.0,3233661.0,3233661.0,3233660.0,2024-07-22T22:44:27.990145+00:00,done,[{'id': '67269'}],2024-07-22T22:44:27.990145+00:00,Basel II Sermaye Yeterliliği Düzenlemesinin AB İpotekli Konut Finansman (Mortgage) Piyasalarına Etkisi: Karşılaştırmalı Bir İnceleme,publication,Journal article,"[{'index': 0, 'is_last': True, 'parent': {'pid_type': 'recid', 'pid_value': '3233660'}}]",cc-by-4.0,10.5281/zenodo.3233661,"[{'name': 'Aksoy, Tamer', 'affiliation': None, 'orcid': '0000-0001-6483-4547'}]",open,https://zenodo.org/api/records/3233661/versions,https://zenodo.org/api/iiif/record:3233661/sequence/default,hf:LoanApprovalPrediction,2026-03-29_00-43,663.0,3017.0,102.0,1.0,Semiurban,LP002757,Not Graduate,Yes,Female,0,No,tier_2,0.85,rule_1:0.0 <= 663.0 < 1211.5
504,True,100.0,103.0,101.0,53.0,54.0,101.0,53.0,54.0,8.0,3233661.0,3233661.0,3233660.0,2024-07-22T22:44:27.990145+00:00,done,[{'id': '67269'}],2024-07-22T22:44:27.990145+00:00,Basel II Sermaye Yeterliliği Düzenlemesinin AB İpotekli Konut Finansman (Mortgage) Piyasalarına Etkisi: Karşılaştırmalı Bir İnceleme,publication,Journal article,"[{'index': 0, 'is_last': True, 'parent': {'pid_type': 'recid', 'pid_value': '3233660'}}]",cc-by-4.0,10.5281/zenodo.3233661,"[{'name': 'Aksoy, Tamer', 'affiliation': None, 'orcid': '0000-0001-6483-4547'}]",open,https://zenodo.org/api/records/3233661/versions,https://zenodo.org/api/iiif/record:3233661/sequence/default,hf:LoanApprovalPrediction,2026-03-29_00-43,0.0,3775.0,110.0,1.0,Semiurban,LP002705,Graduate,Yes,Male,0,No,tier_2,0.85,rule_1:0.0 <= 0.0 < 1211.5
25,True,100.0,103.0,101.0,53.0,54.0,101.0,53.0,54.0,8.0,3233661.0,3233661.0,3233660.0,2024-07-22T22:44:27.990145+00:00,done,[{'id': '67269'}],2024-07-22T22:44:27.990145+00:00,Basel II Sermaye Yeterliliği Düzenlemesinin AB İpotekli Konut Finansman (Mortgage) Piyasalarına Etkisi: Karşılaştırmalı Bir İnceleme,publication,Journal article,"[{'index': 0, 'is_last': True, 'parent': {'pid_type': 'recid', 'pid_value': '3233660'}}]",cc-by-4.0,10.5281/zenodo.3233661,"[{'name': 'Aksoy, Tamer', 'affiliation': None, 'orcid': '0000-0001-6483-4547'}]",open,https://zenodo.org/api/records/3233661/versions,https://zenodo.org/api/iiif/record:3233661/sequence/default,hf:LoanApprovalPrediction,2026-03-29_00-43,0.0,9560.0,191.0,1.0,Semiurban,LP001066,Graduate,Yes,Male,0,Yes,tier_2,0.85,rule_1:0.0 <= 0.0 < 1211.5
452,True,100.0,103.0,101.0,53.0,54.0,101.0,53.0,54.0,8.0,3233661.0,3233661.0,3233660.0,2024-07-22T22:44:27.990145+00:00,done,[{'id': '67269'}],2024-07-22T22:44:27.990145+00:00,Basel II Sermaye Yeterliliği Düzenlemesinin AB İpotekli Konut Finansman (Mortgage) Piyasalarına Etkisi: Karşılaştırmalı Bir İnceleme,publication,Journal article,"[{'index': 0, 'is_last': True, 'parent': {'pid_type': 'recid', 'pid_value': '3233660'}}]",cc-by-4.0,10.5281/zenodo.3233661,"[{'name': 'Aksoy, Tamer', 'affiliation': None, 'orcid': '0000-0001-6483-4547'}]",open,https://zenodo.org/api/records/3233661/versions,https://zenodo.org/api/iiif/record:3233661/sequence/default,hf:LoanApprovalPrediction,2026-03-29_00-43,2079.0,3450.0,162.0,1.0,Semiurban,LP002515,Graduate,Yes,Male,1,Yes,tier_3,0.75,rule_2:1211.5 <= 2079.0 < 2250.0
111,True,100.0,103.0,101.0,53.0,54.0,101.0,53.0,54.0,8.0,3233661.0,3233661.0,3233660.0,2024-07-22T22:44:27.990145+00:00,done,[{'id': '67269'}],2024-07-22T22:44:27.990145+00:00,Basel II Sermaye Yeterliliği Düzenlemesinin AB İpotekli Konut Finansman (Mortgage) Piyasalarına Etkisi: Karşılaştırmalı Bir İnceleme,publication,Journal article,"[{'index': 0, 'is_last': True, 'parent': {'pid_type': 'recid', 'pid_value': '3233660'}}]",cc-by-4.0,10.5281/zenodo.3233661,"[{'name': 'Aksoy, Tamer', 'affiliation': None, 'orcid': '0000-0001-6483-4547'}]",open,https://zenodo.org/api/records/3233661/versions,https://zenodo.org/api/iiif/record:3233661/sequence/default,hf:LoanApprovalPrediction,2026-03-29_00-43,2333.0,2929.0,139.0,1.0,Semiurban,LP001387,Graduate,Yes,Female,0,No,tier_4,0.65,rule_3:2333.0 >= 2250.0
58,True,100.0,103.0,101.0,53.0,54.0,101.0,53.0,54.0,8.0,3233661.0,3233661.0,3233660.0,2024-07-22T22:44:27.990145+00:00,done,[{'id': '67269'}],2024-07-22T22:44:27.990145+00:00,Basel II Sermaye Yeterliliği Düzenlemesinin AB İpotekli Konut Finansman (Mortgage) Piyasalarına Etkisi: Karşılaştırmalı Bir İnceleme,publication,Journal article,"[{'index': 0, 'is_last': True, 'parent': {'pid_type': 'recid', 'pid_value': '3233660'}}]",cc-by-4.0,10.5281/zenodo.3233661,"[{'name': 'Aksoy, Tamer', 'affiliation': None, 'orcid': '0000-0001-6483-4547'}]",open,https://zenodo.org/api/records/3233661/versions,https://zenodo.org/api/iiif/record:3233661/sequence/default,hf:LoanApprovalPrediction,2026-03-29_00-43,2250.0,8080.0,180.0,1.0,Urban,LP001198,Graduate,Yes,Male,1,No,tier_3,0.65,rule_3:2250.0 >= 2250.0
503,True,100.0,103.0,101.0,53.0,54.0,101.0,53.0,54.0,8.0,3233661.0,3233661.0,3233660.0,2024-07-22T22:44:27.990145+00:00,done,[{'id': '67269'}],2024-07-22T22:44:27.990145+00:00,Basel II Sermaye Yeterliliği Düzenlemesinin AB İpotekli Konut Finansman (Mortgage) Piyasalarına Etkisi: Karşılaştırmalı Bir İnceleme,publication,Journal article,"[{'index': 0, 'is_last': True, 'parent': {'pid_type': 'recid', 'pid_value': '3233660'}}]",cc-by-4.0,10.5281/zenodo.3233661,"[{'name': 'Aksoy, Tamer', 'affiliation': None, 'orcid': '0000-0001-6483-4547'}]",open,https://zenodo.org/api/records/3233661/versions,https://zenodo.org/api/iiif/record:3233661/sequence/default,hf:LoanApprovalPrediction,2026-03-29_00-43,2087.0,4680.0,126.5,1.0,Semiurban,LP002697,Graduate,No,Male,0,No,tier_3,0.75,rule_2:1211.5 <= 2087.0 < 2250.0
425,True,100.0,103.0,101.0,53.0,54.0,101.0,53.0,54.0,8.0,3233661.0,3233661.0,3233660.0,2024-07-22T22:44:27.990145+00:00,done,[{'id': '67269'}],2024-07-22T22:44:27.990145+00:00,Basel II Sermaye Yeterliliği Düzenlemesinin AB İpotekli Konut Finansman (Mortgage) Piyasalarına Etkisi: Karşılaştırmalı Bir İnceleme,publication,Journal article,"[{'index': 0, 'is_last': True, 'parent': {'pid_type': 'recid', 'pid_value': '3233660'}}]",cc-by-4.0,10.5281/zenodo.3233661,"[{'name': 'Aksoy, Tamer', 'affiliation': None, 'orcid': '0000-0001-6483-4547'}]",open,https://zenodo.org/api/records/3233661/versions,https://zenodo.org/api/iiif/record:3233661/sequence/default,hf:LoanApprovalPrediction,2026-03-29_00-43,1993.0,4707.0,148.0,1.0,Semiurban,LP002418,Not Graduate,No,Male,3+,No,tier_3,0.75,rule_2:1211.5 <= 1993.0 < 2250.0
298,True,100.0,103.0,101.0,53.0,54.0,101.0,53.0,54.0,8.0,3233661.0,3233661.0,3233660.0,2024-07-22T22:44:27.990145+00:00,done,[{'id': '67269'}],2024-07-22T22:44:27.990145+00:00,Basel II Sermaye Yeterliliği Düzenlemesinin AB İpotekli Konut Finansman (Mortgage) Piyasalarına Etkisi: Karşılaştırmalı Bir İnceleme,publication,Journal article,"[{'index': 0, 'is_last': True, 'parent': {'pid_type': 'recid', 'pid_value': '3233660'}}]",cc-by-4.0,10.5281/zenodo.3233661,"[{'name': 'Aksoy, Tamer', 'affiliation': None, 'orcid': '0000-0001-6483-4547'}]",open,https://zenodo.org/api/records/3233661/versions,https://zenodo.org/api/iiif/record:3233661/sequence/default,hf:LoanApprovalPrediction,2026-03-29_00-43,1666.0,3762.0,135.0,1.0,Rural,LP001993,Graduate,No,Female,0,No,tier_3,0.75,rule_2:1211.5 <= 1666.0 < 2250.0
293,True,100.0,103.0,101.0,53.0,54.0,101.0,53.0,54.0,8.0,3233661.0,3233661.0,3233660.0,2024-07-22T22:44:27.990145+00:00,done,[{'id': '67269'}],2024-07-22T22:44:27.990145+00:00,Basel II Sermaye Yeterliliği Düzenlemesinin AB İpotekli Konut Finansman (Mortgage) Piyasalarına Etkisi: Karşılaştırmalı Bir İnceleme,publication,Journal article,"[{'index': 0, 'is_last': True, 'parent': {'pid_type': 'recid', 'pid_value': '3233660'}}]",cc-by-4.0,10.5281/zenodo.3233661,"[{'name': 'Aksoy, Tamer', 'affiliation': None, 'orcid': '0000-0001-6483-4547'}]",open,https://zenodo.org/api/records/3233661/versions,https://zenodo.org/api/iiif/record:3233661/sequence/default,hf:LoanApprovalPrediction,2026-03-29_00-43,1750.0,2875.0,105.0,1.0,Semiurban,LP001972,Not Graduate,Yes,Male,0,No,tier_3,0.75,rule_2:1211.5 <= 1750.0 < 2250.0
385,True,100.0,103.0,101.0,53.0,54.0,101.0,53.0,54.0,8.0,3233661.0,3233661.0,3233660.0,2024-07-22T22:44:27.990145+00:00,done,[{'id': '67269'}],2024-07-22T22:44:27.990145+00:00,Basel II Sermaye Yeterliliği Düzenlemesinin AB İpotekli Konut Finansman (Mortgage) Piyasalarına Etkisi: Karşılaştırmalı Bir İnceleme,publication,Journal article,"[{'index': 0, 'is_last': True, 'parent': {'pid_type': 'recid', 'pid_value': '3233660'}}]",cc-by-4.0,10.5281/zenodo.3233661,"[{'name': 'Aksoy, Tamer', 'affiliation': None, 'orcid': '0000-0001-6483-4547'}]",open,https://zenodo.org/api/records/3233661/versions,https://zenodo.org/api/iiif/record:3233661/sequence/default,hf:LoanApprovalPrediction,2026-03-29_00-43,1666.0,3902.0,109.0,1.0,Rural,LP002284,Not Graduate,No,Male,0,No,tier_3,0.75,rule_2:1211.5 <= 1666.0 < 2250.0
318,True,100.0,103.0,101.0,53.0,54.0,101.0,53.0,54.0,8.0,3233661.0,3233661.0,3233660.0,2024-07-22T22:44:27.990145+00:00,done,[{'id': '67269'}],2024-07-22T22:44:27.990145+00:00,Basel II Sermaye Yeterliliği Düzenlemesinin AB İpotekli Konut Finansman (Mortgage) Piyasalarına Etkisi: Karşılaştırmalı Bir İnceleme,publication,Journal article,"[{'index': 0, 'is_last': True, 'parent': {'pid_type': 'recid', 'pid_value': '3233660'}}]",cc-by-4.0,10.5281/zenodo.3233661,"[{'name': 'Aksoy, Tamer', 'affiliation': None, 'orcid': '0000-0001-6483-4547'}]",open,https://zenodo.org/api/records/3233661/versions,https://zenodo.org/api/iiif/record:3233661/sequence/default,hf:LoanApprovalPrediction,2026-03-29_00-43,2451.0,4333.0,110.0,1.0,Urban,LP002086,Graduate,Yes,Female,0,No,tier_4,0.65,rule_3:2451.0 >= 2250.0
534,True,100.0,103.0,101.0,53.0,54.0,101.0,53.0,54.0,8.0,3233661.0,3233661.0,3233660.0,2024-07-22T22:44:27.990145+00:00,done,[{'id': '67269'}],2024-07-22T22:44:27.990145+00:00,Basel II Sermaye Yeterliliği Düzenlemesinin AB İpotekli Konut Finansman (Mortgage) Piyasalarına Etkisi: Karşılaştırmalı Bir İnceleme,publication,Journal article,"[{'index': 0, 'is_last': True, 'parent': {'pid_type': 'recid', 'pid_value': '3233660'}}]",cc-by-4.0,10.5281/zenodo.3233661,"[{'name': 'Aksoy, Tamer', 'affiliation': None, 'orcid': '0000-0001-6483-4547'}]",open,https://zenodo.org/api/records/3233661/versions,https://zenodo.org/api/iiif/record:3233661/sequence/default,hf:LoanApprovalPrediction,2026-03-29_00-43,1625.0,2667.0,84.0,1.0,Urban,LP002794,Graduate,No,Female,0,No,tier_3,0.75,rule_2:1211.5 <= 1625.0 < 2250.0
302,True,100.0,103.0,101.0,53.0,54.0,101.0,53.0,54.0,8.0,3233661.0,3233661.0,3233660.0,2024-07-22T22:44:27.990145+00:00,done,[{'id': '67269'}],2024-07-22T22:44:27.990145+00:00,Basel II Sermaye Yeterliliği Düzenlemesinin AB İpotekli Konut Finansman (Mortgage) Piyasalarına Etkisi: Karşılaştırmalı Bir İnceleme,publication,Journal article,"[{'index': 0, 'is_last': True, 'parent': {'pid_type': 'recid', 'pid_value': '3233660'}}]",cc-by-4.0,10.5281/zenodo.3233661,"[{'name': 'Aksoy, Tamer', 'affiliation': None, 'orcid': '0000-0001-6483-4547'}]",open,https://zenodo.org/api/records/3233661/versions,https://zenodo.org/api/iiif/record:3233661/sequence/default,hf:LoanApprovalPrediction,2026-03-29_00-43,2405.0,2927.0,111.0,1.0,Semiurban,LP002004,Not Graduate,No,Male,0,No,tier_4,0.65,rule_3:2405.0 >= 2250.0
373,True,100.0,103.0,101.0,53.0,54.0,101.0,53.0,54.0,8.0,3233661.0,3233661.0,3233660.0,2024-07-22T22:44:27.990145+00:00,done,[{'id': '67269'}],2024-07-22T22:44:27.990145+00:00,Basel II Sermaye Yeterliliği Düzenlemesinin AB İpotekli Konut Finansman (Mortgage) Piyasalarına Etkisi: Karşılaştırmalı Bir İnceleme,publication,Journal article,"[{'index': 0, 'is_last': True, 'parent': {'pid_type': 'recid', 'pid_value': '3233660'}}]",cc-by-4.0,10.5281/zenodo.3233661,"[{'name': 'Aksoy, Tamer', 'affiliation': None, 'orcid': '0000-0001-6483-4547'}]",open,https://zenodo.org/api/records/3233661/versions,https://zenodo.org/api/iiif/record:3233661/sequence/default,hf:LoanApprovalPrediction,2026-03-29_00-43,1600.0,2346.0,132.0,1.0,Semiurban,LP002239,Not Graduate,No,Male,0,No,tier_3,0.75,rule_2:1211.5 <= 1600.0 < 2250.0
96,True,100.0,103.0,101.0,53.0,54.0,101.0,53.0,54.0,8.0,3233661.0,3233661.0,3233660.0,2024-07-22T22:44:27.990145+00:00,done,[{'id': '67269'}],2024-07-22T22:44:27.990145+00:00,Basel II Sermaye Yeterliliği Düzenlemesinin AB İpotekli Konut Finansman (Mortgage) Piyasalarına Etkisi: Karşılaştırmalı Bir İnceleme,publication,Journal article,"[{'index': 0, 'is_last': True, 'parent': {'pid_type': 'recid', 'pid_value': '3233660'}}]",cc-by-4.0,10.5281/zenodo.3233661,"[{'name': 'Aksoy, Tamer', 'affiliation': None, 'orcid': '0000-0001-6483-4547'}]",open,https://zenodo.org/api/records/3233661/versions,https://zenodo.org/api/iiif/record:3233661/sequence/default,hf:LoanApprovalPrediction,2026-03-29_00-43,2302.0,2484.0,137.0,1.0,Semiurban,LP001327,Graduate,Yes,Female,0,No,tier_4,0.65,rule_3:2302.0 >= 2250.0
126,True,100.0,103.0,101.0,53.0,54.0,101.0,53.0,54.0,8.0,3233661.0,3233661.0,3233660.0,2024-07-22T22:44:27.990145+00:00,done,[{'id': '67269'}],2024-07-22T22:44:27.990145+00:00,Basel II Sermaye Yeterliliği Düzenlemesinin AB İpotekli Konut Finansman (Mortgage) Piyasalarına Etkisi: Karşılaştırmalı Bir İnceleme,publication,Journal article,"[{'index': 0, 'is_last': True, 'parent': {'pid_type': 'recid', 'pid_value': '3233660'}}]",cc-by-4.0,10.5281/zenodo.3233661,"[{'name': 'Aksoy, Tamer', 'affiliation': None, 'orcid': '0000-0001-6483-4547'}]",open,https://zenodo.org/api/records/3233661/versions,https://zenodo.org/api/iiif/record:3233661/sequence/default,hf:LoanApprovalPrediction,2026-03-29_00-43,1640.0,3865.0,126.5,1.0,Rural,LP001449,Graduate,No,Male,0,No,tier_3,0.75,rule_2:1211.5 <= 1640.0 < 2250.0
498,True,100.0,103.0,101.0,53.0,54.0,101.0,53.0,54.0,8.0,3233661.0,3233661.0,3233660.0,2024-07-22T22:44:27.990145+00:00,done,[{'id': '67269'}],2024-07-22T22:44:27.990145+00:00,Basel II Sermaye Yeterliliği Düzenlemesinin AB İpotekli Konut Finansman (Mortgage) Piyasalarına Etkisi: Karşılaştırmalı Bir İnceleme,publication,Journal article,"[{'index': 0, 'is_last': True, 'parent': {'pid_type': 'recid', 'pid_value': '3233660'}}]",cc-by-4.0,10.5281/zenodo.3233661,"[{'name': 'Aksoy, Tamer', 'affiliation': None, 'orcid': '0000-0001-6483-4547'}]",open,https://zenodo.org/api/records/3233661/versions,https://zenodo.org/api/iiif/record:3233661/sequence/default,hf:LoanApprovalPrediction,2026-03-29_00-43,1915.0,4683.0,185.0,1.0,Semiurban,LP002683,Graduate,No,Male,0,No,tier_3,0.75,rule_2:1211.5 <= 1915.0 < 2250.0
317,True,100.0,103.0,101.0,53.0,54.0,101.0,53.0,54.0,8.0,3233661.0,3233661.0,3233660.0,2024-07-22T22:44:27.990145+00:00,done,[{'id': '67269'}],2024-07-22T22:44:27.990145+00:00,Basel II Sermaye Yeterliliği Düzenlemesinin AB İpotekli Konut Finansman (Mortgage) Piyasalarına Etkisi: Karşılaştırmalı Bir İnceleme,publication,Journal article,"[{'index': 0, 'is_last': True, 'parent': {'pid_type': 'recid', 'pid_value': '3233660'}}]",cc-by-4.0,10.5281/zenodo.3233661,"[{'name': 'Aksoy, Tamer', 'affiliation': None, 'orcid': '0000-0001-6483-4547'}]",open,https://zenodo.org/api/records/3233661/versions,https://zenodo.org/api/iiif/record:3233661/sequence/default,hf:LoanApprovalPrediction,2026-03-29_00-43,2160.0,5818.0,184.0,1.0,Semiurban,LP002082,Graduate,Yes,Male,0,Yes,tier_3,0.75,rule_2:1211.5 <= 2160.0 < 2250.0
469,True,100.0,103.0,101.0,53.0,54.0,101.0,53.0,54.0,8.0,3233661.0,3233661.0,3233660.0,2024-07-22T22:44:27.990145+00:00,done,[{'id': '67269'}],2024-07-22T22:44:27.990145+00:00,Basel II Sermaye Yeterliliği Düzenlemesinin AB İpotekli Konut Finansman (Mortgage) Piyasalarına Etkisi: Karşılaştırmalı Bir İnceleme,publication,Journal article,"[{'index': 0, 'is_last': True, 'parent': {'pid_type': 'recid', 'pid_value': '3233660'}}]",cc-by-4.0,10.5281/zenodo.3233661,"[{'name': 'Aksoy, Tamer', 'affiliation': None, 'orcid': '0000-0001-6483-4547'}]",open,https://zenodo.org/api/records/3233661/versions,https://zenodo.org/api/iiif/record:3233661/sequence/default,hf:LoanApprovalPrediction,2026-03-29_00-43,2083.0,4583.0,160.0,1.0,Semiurban,LP002555,Graduate,Yes,Male,2,Yes,tier_3,0.75,rule_2:1211.5 <= 2083.0 < 2250.0
116,True,100.0,103.0,101.0,53.0,54.0,101.0,53.0,54.0,8.0,3233661.0,3233661.0,3233660.0,2024-07-22T22:44:27.990145+00:00,done,[{'id': '67269'}],2024-07-22T22:44:27.990145+00:00,Basel II Sermaye Yeterliliği Düzenlemesinin AB İpotekli Konut Finansman (Mortgage) Piyasalarına Etkisi: Karşılaştırmalı Bir İnceleme,publication,Journal article,"[{'index': 0, 'is_last': True, 'parent': {'pid_type': 'recid', 'pid_value': '3233660'}}]",cc-by-4.0,10.5281/zenodo.3233661,"[{'name': 'Aksoy, Tamer', 'affiliation': None, 'orcid': '0000-0001-6483-4547'}]",open,https://zenodo.org/api/records/3233661/versions,https://zenodo.org/api/iiif/record:3233661/sequence/default,hf:LoanApprovalPrediction,2026-03-29_00-43,2283.0,3167.0,154.0,1.0,Semiurban,LP001404,Graduate,Yes,Female,0,No,tier_4,0.65,rule_3:2283.0 >= 2250.0
458,True,100.0,103.0,101.0,53.0,54.0,101.0,53.0,54.0,8.0,3233661.0,3233661.0,3233660.0,2024-07-22T22:44:27.990145+00:00,done,[{'id': '67269'}],2024-07-22T22:44:27.990145+00:00,Basel II Sermaye Yeterliliği Düzenlemesinin AB İpotekli Konut Finansman (Mortgage) Piyasalarına Etkisi: Karşılaştırmalı Bir İnceleme,publication,Journal article,"[{'index': 0, 'is_last': True, 'parent': {'pid_type': 'recid', 'pid_value': '3233660'}}]",cc-by-4.0,10.5281/zenodo.3233661,"[{'name': 'Aksoy, Tamer', 'affiliation': None, 'orcid': '0000-0001-6483-4547'}]",open,https://zenodo.org/api/records/3233661/versions,https://zenodo.org/api/iiif/record:3233661/sequence/default,hf:LoanApprovalPrediction,2026-03-29_00-43,1750.0,6700.0,230.0,1.0,Semiurban,LP002529,Graduate,Yes,Male,2,No,tier_3,0.75,rule_2:1211.5 <= 1750.0 < 2250.0
74,True,100.0,103.0,101.0,53.0,54.0,101.0,53.0,54.0,8.0,3233661.0,3233661.0,3233660.0,2024-07-22T22:44:27.990145+00:00,done,[{'id': '67269'}],2024-07-22T22:44:27.990145+00:00,Basel II Sermaye Yeterliliği Düzenlemesinin AB İpotekli Konut Finansman (Mortgage) Piyasalarına Etkisi: Karşılaştırmalı Bir İnceleme,publication,Journal article,"[{'index': 0, 'is_last': True, 'parent': {'pid_type': 'recid', 'pid_value': '3233660'}}]",cc-by-4.0,10.5281/zenodo.3233661,"[{'name': 'Aksoy, Tamer', 'affiliation': None, 'orcid': '0000-0001-6483-4547'}]",open,https://zenodo.org/api/records/3233661/versions,https://zenodo.org/api/iiif/record:3233661/sequence/default,hf:LoanApprovalPrediction,2026-03-29_00-43,1774.0,5266.0,187.0,1.0,Semiurban,LP001253,Graduate,Yes,Male,3+,Yes,tier_3,0.75,rule_2:1211.5 <= 1774.0 < 2250.0
