CoapplicantIncome,ApplicantIncome,LoanAmount,Credit_History,Property_Area,Loan_ID,Education,Married,Gender,Dependents,Self_Employed,source,collected_at
0.0,5849,,1.0,Urban,LP001002,Graduate,No,Male,0,No,hf:LoanApprovalPrediction,2026-03-29_00-43
1508.0,4583,128.0,1.0,Rural,LP001003,Graduate,Yes,Male,1,No,hf:LoanApprovalPrediction,2026-03-29_00-43
0.0,3000,66.0,1.0,Urban,LP001005,Graduate,Yes,Male,0,Yes,hf:LoanApprovalPrediction,2026-03-29_00-43
2358.0,2583,120.0,1.0,Urban,LP001006,Not Graduate,Yes,Male,0,No,hf:LoanApprovalPrediction,2026-03-29_00-43
0.0,6000,141.0,1.0,Urban,LP001008,Graduate,No,Male,0,No,hf:LoanApprovalPrediction,2026-03-29_00-43
4196.0,5417,267.0,1.0,Urban,LP001011,Graduate,Yes,Male,2,Yes,hf:LoanApprovalPrediction,2026-03-29_00-43
1516.0,2333,95.0,1.0,Urban,LP001013,Not Graduate,Yes,Male,0,No,hf:LoanApprovalPrediction,2026-03-29_00-43
2504.0,3036,158.0,0.0,Semiurban,LP001014,Graduate,Yes,Male,3+,No,hf:LoanApprovalPrediction,2026-03-29_00-43
1526.0,4006,168.0,1.0,Urban,LP001018,Graduate,Yes,Male,2,No,hf:LoanApprovalPrediction,2026-03-29_00-43
10968.0,12841,349.0,1.0,Semiurban,LP001020,Graduate,Yes,Male,1,No,hf:LoanApprovalPrediction,2026-03-29_00-43
700.0,3200,70.0,1.0,Urban,LP001024,Graduate,Yes,Male,2,No,hf:LoanApprovalPrediction,2026-03-29_00-43
1840.0,2500,109.0,1.0,Urban,LP001027,Graduate,Yes,Male,2,,hf:LoanApprovalPrediction,2026-03-29_00-43
8106.0,3073,200.0,1.0,Urban,LP001028,Graduate,Yes,Male,2,No,hf:LoanApprovalPrediction,2026-03-29_00-43
2840.0,1853,114.0,1.0,Rural,LP001029,Graduate,No,Male,0,No,hf:LoanApprovalPrediction,2026-03-29_00-43
1086.0,1299,17.0,1.0,Urban,LP001030,Graduate,Yes,Male,2,No,hf:LoanApprovalPrediction,2026-03-29_00-43
0.0,4950,125.0,1.0,Urban,LP001032,Graduate,No,Male,0,No,hf:LoanApprovalPrediction,2026-03-29_00-43
0.0,3596,100.0,,Urban,LP001034,Not Graduate,No,Male,1,No,hf:LoanApprovalPrediction,2026-03-29_00-43
0.0,3510,76.0,0.0,Urban,LP001036,Graduate,No,Female,0,No,hf:LoanApprovalPrediction,2026-03-29_00-43
0.0,4887,133.0,1.0,Rural,LP001038,Not Graduate,Yes,Male,0,No,hf:LoanApprovalPrediction,2026-03-29_00-43
3500.0,2600,115.0,1.0,Urban,LP001041,Graduate,Yes,Male,0,,hf:LoanApprovalPrediction,2026-03-29_00-43
0.0,7660,104.0,0.0,Urban,LP001043,Not Graduate,Yes,Male,0,No,hf:LoanApprovalPrediction,2026-03-29_00-43
5625.0,5955,315.0,1.0,Urban,LP001046,Graduate,Yes,Male,1,No,hf:LoanApprovalPrediction,2026-03-29_00-43
1911.0,2600,116.0,0.0,Semiurban,LP001047,Not Graduate,Yes,Male,0,No,hf:LoanApprovalPrediction,2026-03-29_00-43
1917.0,3365,112.0,0.0,Rural,LP001050,Not Graduate,Yes,,2,No,hf:LoanApprovalPrediction,2026-03-29_00-43
2925.0,3717,151.0,,Semiurban,LP001052,Graduate,Yes,Male,1,,hf:LoanApprovalPrediction,2026-03-29_00-43
0.0,9560,191.0,1.0,Semiurban,LP001066,Graduate,Yes,Male,0,Yes,hf:LoanApprovalPrediction,2026-03-29_00-43
2253.0,2799,122.0,1.0,Semiurban,LP001068,Graduate,Yes,Male,0,No,hf:LoanApprovalPrediction,2026-03-29_00-43
1040.0,4226,110.0,1.0,Urban,LP001073,Not Graduate,Yes,Male,2,No,hf:LoanApprovalPrediction,2026-03-29_00-43
0.0,1442,35.0,1.0,Urban,LP001086,Not Graduate,No,Male,0,No,hf:LoanApprovalPrediction,2026-03-29_00-43
2083.0,3750,120.0,1.0,Semiurban,LP001087,Graduate,No,Female,2,,hf:LoanApprovalPrediction,2026-03-29_00-43
3369.0,4166,201.0,,Urban,LP001091,Graduate,Yes,Male,1,,hf:LoanApprovalPrediction,2026-03-29_00-43
0.0,3167,74.0,1.0,Urban,LP001095,Graduate,No,Male,0,No,hf:LoanApprovalPrediction,2026-03-29_00-43
0.0,4692,106.0,1.0,Rural,LP001097,Graduate,No,Male,1,Yes,hf:LoanApprovalPrediction,2026-03-29_00-43
1667.0,3500,114.0,1.0,Semiurban,LP001098,Graduate,Yes,Male,0,No,hf:LoanApprovalPrediction,2026-03-29_00-43
3000.0,12500,320.0,1.0,Rural,LP001100,Graduate,No,Male,3+,No,hf:LoanApprovalPrediction,2026-03-29_00-43
2067.0,2275,,1.0,Urban,LP001106,Graduate,Yes,Male,0,No,hf:LoanApprovalPrediction,2026-03-29_00-43
1330.0,1828,100.0,0.0,Urban,LP001109,Graduate,Yes,Male,0,No,hf:LoanApprovalPrediction,2026-03-29_00-43
1459.0,3667,144.0,1.0,Semiurban,LP001112,Graduate,Yes,Female,0,No,hf:LoanApprovalPrediction,2026-03-29_00-43
7210.0,4166,184.0,1.0,Urban,LP001114,Graduate,No,Male,0,No,hf:LoanApprovalPrediction,2026-03-29_00-43
1668.0,3748,110.0,1.0,Semiurban,LP001116,Not Graduate,No,Male,0,No,hf:LoanApprovalPrediction,2026-03-29_00-43
0.0,3600,80.0,1.0,Urban,LP001119,Graduate,No,Male,0,No,hf:LoanApprovalPrediction,2026-03-29_00-43
1213.0,1800,47.0,1.0,Urban,LP001120,Graduate,No,Male,0,No,hf:LoanApprovalPrediction,2026-03-29_00-43
0.0,2400,75.0,,Urban,LP001123,Graduate,Yes,Male,0,No,hf:LoanApprovalPrediction,2026-03-29_00-43
2336.0,3941,134.0,1.0,Semiurban,LP001131,Graduate,Yes,Male,0,No,hf:LoanApprovalPrediction,2026-03-29_00-43
0.0,4695,96.0,1.0,Urban,LP001136,Not Graduate,Yes,Male,0,Yes,hf:LoanApprovalPrediction,2026-03-29_00-43
0.0,3410,88.0,1.0,Urban,LP001137,Graduate,No,Female,0,No,hf:LoanApprovalPrediction,2026-03-29_00-43
0.0,5649,44.0,1.0,Urban,LP001138,Graduate,Yes,Male,1,No,hf:LoanApprovalPrediction,2026-03-29_00-43
0.0,5821,144.0,1.0,Urban,LP001144,Graduate,Yes,Male,0,No,hf:LoanApprovalPrediction,2026-03-29_00-43
3440.0,2645,120.0,0.0,Urban,LP001146,Graduate,Yes,Female,0,No,hf:LoanApprovalPrediction,2026-03-29_00-43
2275.0,4000,144.0,1.0,Semiurban,LP001151,Graduate,No,Female,0,No,hf:LoanApprovalPrediction,2026-03-29_00-43
1644.0,1928,100.0,1.0,Semiurban,LP001155,Not Graduate,Yes,Female,0,No,hf:LoanApprovalPrediction,2026-03-29_00-43
0.0,3086,120.0,1.0,Semiurban,LP001157,Graduate,No,Female,0,No,hf:LoanApprovalPrediction,2026-03-29_00-43
0.0,4230,112.0,1.0,Semiurban,LP001164,Graduate,No,Female,0,No,hf:LoanApprovalPrediction,2026-03-29_00-43
0.0,4616,134.0,1.0,Urban,LP001179,Graduate,Yes,Male,2,No,hf:LoanApprovalPrediction,2026-03-29_00-43
0.0,11500,286.0,0.0,Urban,LP001186,Graduate,Yes,Female,1,Yes,hf:LoanApprovalPrediction,2026-03-29_00-43
1167.0,2708,97.0,1.0,Semiurban,LP001194,Graduate,Yes,Male,2,No,hf:LoanApprovalPrediction,2026-03-29_00-43
1591.0,2132,96.0,1.0,Semiurban,LP001195,Graduate,Yes,Male,0,No,hf:LoanApprovalPrediction,2026-03-29_00-43
2200.0,3366,135.0,1.0,Rural,LP001197,Graduate,Yes,Male,0,No,hf:LoanApprovalPrediction,2026-03-29_00-43
2250.0,8080,180.0,1.0,Urban,LP001198,Graduate,Yes,Male,1,No,hf:LoanApprovalPrediction,2026-03-29_00-43
2859.0,3357,144.0,1.0,Urban,LP001199,Not Graduate,Yes,Male,2,No,hf:LoanApprovalPrediction,2026-03-29_00-43
3796.0,2500,120.0,1.0,Urban,LP001205,Graduate,Yes,Male,0,No,hf:LoanApprovalPrediction,2026-03-29_00-43
0.0,3029,99.0,1.0,Urban,LP001206,Graduate,Yes,Male,3+,No,hf:LoanApprovalPrediction,2026-03-29_00-43
3449.0,2609,165.0,0.0,Rural,LP001207,Not Graduate,Yes,Male,0,Yes,hf:LoanApprovalPrediction,2026-03-29_00-43
0.0,4945,,0.0,Rural,LP001213,Graduate,Yes,Male,1,No,hf:LoanApprovalPrediction,2026-03-29_00-43
0.0,4166,116.0,0.0,Semiurban,LP001222,Graduate,No,Female,0,No,hf:LoanApprovalPrediction,2026-03-29_00-43
4595.0,5726,258.0,1.0,Semiurban,LP001225,Graduate,Yes,Male,0,No,hf:LoanApprovalPrediction,2026-03-29_00-43
2254.0,3200,126.0,0.0,Urban,LP001228,Not Graduate,No,Male,0,No,hf:LoanApprovalPrediction,2026-03-29_00-43
0.0,10750,312.0,1.0,Urban,LP001233,Graduate,Yes,Male,1,No,hf:LoanApprovalPrediction,2026-03-29_00-43
0.0,7100,125.0,1.0,Urban,LP001238,Not Graduate,Yes,Male,3+,Yes,hf:LoanApprovalPrediction,2026-03-29_00-43
0.0,4300,136.0,0.0,Semiurban,LP001241,Graduate,No,Female,0,No,hf:LoanApprovalPrediction,2026-03-29_00-43
3066.0,3208,172.0,1.0,Urban,LP001243,Graduate,Yes,Male,0,No,hf:LoanApprovalPrediction,2026-03-29_00-43
1875.0,1875,97.0,1.0,Semiurban,LP001245,Not Graduate,Yes,Male,2,Yes,hf:LoanApprovalPrediction,2026-03-29_00-43
0.0,3500,81.0,1.0,Semiurban,LP001248,Graduate,No,Male,0,No,hf:LoanApprovalPrediction,2026-03-29_00-43
0.0,4755,95.0,0.0,Semiurban,LP001250,Not Graduate,Yes,Male,3+,No,hf:LoanApprovalPrediction,2026-03-29_00-43
1774.0,5266,187.0,1.0,Semiurban,LP001253,Graduate,Yes,Male,3+,Yes,hf:LoanApprovalPrediction,2026-03-29_00-43
0.0,3750,113.0,1.0,Urban,LP001255,Graduate,No,Male,0,No,hf:LoanApprovalPrediction,2026-03-29_00-43
4750.0,3750,176.0,1.0,Urban,LP001256,Graduate,No,Male,0,No,hf:LoanApprovalPrediction,2026-03-29_00-43
3022.0,1000,110.0,1.0,Urban,LP001259,Graduate,Yes,Male,1,Yes,hf:LoanApprovalPrediction,2026-03-29_00-43
4000.0,3167,180.0,0.0,Semiurban,LP001263,Graduate,Yes,Male,3+,No,hf:LoanApprovalPrediction,2026-03-29_00-43
2166.0,3333,130.0,,Semiurban,LP001264,Not Graduate,Yes,Male,3+,Yes,hf:LoanApprovalPrediction,2026-03-29_00-43
0.0,3846,111.0,1.0,Semiurban,LP001265,Graduate,No,Female,0,No,hf:LoanApprovalPrediction,2026-03-29_00-43
0.0,2395,,1.0,Semiurban,LP001266,Graduate,Yes,Male,1,Yes,hf:LoanApprovalPrediction,2026-03-29_00-43
1881.0,1378,167.0,1.0,Urban,LP001267,Graduate,Yes,Female,2,No,hf:LoanApprovalPrediction,2026-03-29_00-43
2250.0,6000,265.0,,Semiurban,LP001273,Graduate,Yes,Male,0,No,hf:LoanApprovalPrediction,2026-03-29_00-43
0.0,3988,50.0,1.0,Urban,LP001275,Graduate,Yes,Male,1,No,hf:LoanApprovalPrediction,2026-03-29_00-43
2531.0,2366,136.0,1.0,Semiurban,LP001279,Graduate,No,Male,0,No,hf:LoanApprovalPrediction,2026-03-29_00-43
2000.0,3333,99.0,,Semiurban,LP001280,Not Graduate,Yes,Male,2,No,hf:LoanApprovalPrediction,2026-03-29_00-43
2118.0,2500,104.0,1.0,Semiurban,LP001282,Graduate,Yes,Male,0,No,hf:LoanApprovalPrediction,2026-03-29_00-43
0.0,8566,210.0,1.0,Urban,LP001289,Graduate,No,Male,0,No,hf:LoanApprovalPrediction,2026-03-29_00-43
4167.0,5695,175.0,1.0,Semiurban,LP001310,Graduate,Yes,Male,0,No,hf:LoanApprovalPrediction,2026-03-29_00-43
2900.0,2958,131.0,1.0,Semiurban,LP001316,Graduate,Yes,Male,0,No,hf:LoanApprovalPrediction,2026-03-29_00-43
5654.0,6250,188.0,1.0,Semiurban,LP001318,Graduate,Yes,Male,2,No,hf:LoanApprovalPrediction,2026-03-29_00-43
1820.0,3273,81.0,1.0,Urban,LP001319,Not Graduate,Yes,Male,2,No,hf:LoanApprovalPrediction,2026-03-29_00-43
0.0,4133,122.0,1.0,Semiurban,LP001322,Graduate,No,Male,0,No,hf:LoanApprovalPrediction,2026-03-29_00-43
0.0,3620,25.0,1.0,Semiurban,LP001325,Not Graduate,No,Male,0,No,hf:LoanApprovalPrediction,2026-03-29_00-43
0.0,6782,,,Urban,LP001326,Graduate,No,Male,0,,hf:LoanApprovalPrediction,2026-03-29_00-43
2302.0,2484,137.0,1.0,Semiurban,LP001327,Graduate,Yes,Female,0,No,hf:LoanApprovalPrediction,2026-03-29_00-43
997.0,1977,50.0,1.0,Semiurban,LP001333,Graduate,Yes,Male,0,No,hf:LoanApprovalPrediction,2026-03-29_00-43
0.0,4188,115.0,1.0,Semiurban,LP001334,Not Graduate,Yes,Male,0,No,hf:LoanApprovalPrediction,2026-03-29_00-43
3541.0,1759,131.0,1.0,Semiurban,LP001343,Graduate,Yes,Male,0,No,hf:LoanApprovalPrediction,2026-03-29_00-43
3263.0,4288,133.0,1.0,Urban,LP001345,Not Graduate,Yes,Male,2,No,hf:LoanApprovalPrediction,2026-03-29_00-43
3806.0,4843,151.0,1.0,Semiurban,LP001349,Graduate,No,Male,0,No,hf:LoanApprovalPrediction,2026-03-29_00-43
0.0,13650,,1.0,Urban,LP001350,Graduate,Yes,Male,,No,hf:LoanApprovalPrediction,2026-03-29_00-43
3583.0,4652,,1.0,Semiurban,LP001356,Graduate,Yes,Male,0,No,hf:LoanApprovalPrediction,2026-03-29_00-43
754.0,3816,160.0,1.0,Urban,LP001357,Graduate,,Male,,No,hf:LoanApprovalPrediction,2026-03-29_00-43
1030.0,3052,100.0,1.0,Urban,LP001367,Graduate,Yes,Male,1,No,hf:LoanApprovalPrediction,2026-03-29_00-43
1126.0,11417,225.0,1.0,Urban,LP001369,Graduate,Yes,Male,2,No,hf:LoanApprovalPrediction,2026-03-29_00-43
0.0,7333,120.0,1.0,Rural,LP001370,Not Graduate,No,Male,0,,hf:LoanApprovalPrediction,2026-03-29_00-43
3600.0,3800,216.0,0.0,Urban,LP001379,Graduate,Yes,Male,2,No,hf:LoanApprovalPrediction,2026-03-29_00-43
754.0,2071,94.0,1.0,Semiurban,LP001384,Not Graduate,Yes,Male,3+,No,hf:LoanApprovalPrediction,2026-03-29_00-43
0.0,5316,136.0,1.0,Urban,LP001385,Graduate,No,Male,0,No,hf:LoanApprovalPrediction,2026-03-29_00-43
2333.0,2929,139.0,1.0,Semiurban,LP001387,Graduate,Yes,Female,0,,hf:LoanApprovalPrediction,2026-03-29_00-43
4114.0,3572,152.0,0.0,Rural,LP001391,Not Graduate,Yes,Male,0,No,hf:LoanApprovalPrediction,2026-03-29_00-43
0.0,7451,,1.0,Semiurban,LP001392,Graduate,No,Female,1,Yes,hf:LoanApprovalPrediction,2026-03-29_00-43
0.0,5050,118.0,1.0,Semiurban,LP001398,Graduate,No,Male,0,,hf:LoanApprovalPrediction,2026-03-29_00-43
0.0,14583,185.0,1.0,Rural,LP001401,Graduate,Yes,Male,1,No,hf:LoanApprovalPrediction,2026-03-29_00-43
2283.0,3167,154.0,1.0,Semiurban,LP001404,Graduate,Yes,Female,0,No,hf:LoanApprovalPrediction,2026-03-29_00-43
1398.0,2214,85.0,,Urban,LP001405,Graduate,Yes,Male,1,No,hf:LoanApprovalPrediction,2026-03-29_00-43
2142.0,5568,175.0,1.0,Rural,LP001421,Graduate,Yes,Male,0,No,hf:LoanApprovalPrediction,2026-03-29_00-43
0.0,10408,259.0,1.0,Urban,LP001422,Graduate,No,Female,0,No,hf:LoanApprovalPrediction,2026-03-29_00-43
2667.0,5667,180.0,1.0,Rural,LP001426,Graduate,Yes,Male,,No,hf:LoanApprovalPrediction,2026-03-29_00-43
0.0,4166,44.0,1.0,Semiurban,LP001430,Graduate,No,Female,0,No,hf:LoanApprovalPrediction,2026-03-29_00-43
8980.0,2137,137.0,0.0,Semiurban,LP001431,Graduate,No,Female,0,No,hf:LoanApprovalPrediction,2026-03-29_00-43
0.0,2957,81.0,1.0,Semiurban,LP001432,Graduate,Yes,Male,2,No,hf:LoanApprovalPrediction,2026-03-29_00-43
2014.0,4300,194.0,1.0,Rural,LP001439,Not Graduate,Yes,Male,0,No,hf:LoanApprovalPrediction,2026-03-29_00-43
0.0,3692,93.0,,Rural,LP001443,Graduate,No,Female,0,No,hf:LoanApprovalPrediction,2026-03-29_00-43
0.0,23803,370.0,1.0,Rural,LP001448,Graduate,Yes,,3+,No,hf:LoanApprovalPrediction,2026-03-29_00-43
1640.0,3865,,1.0,Rural,LP001449,Graduate,No,Male,0,No,hf:LoanApprovalPrediction,2026-03-29_00-43
3850.0,10513,160.0,0.0,Urban,LP001451,Graduate,Yes,Male,1,Yes,hf:LoanApprovalPrediction,2026-03-29_00-43
2569.0,6080,182.0,,Rural,LP001465,Graduate,Yes,Male,0,No,hf:LoanApprovalPrediction,2026-03-29_00-43
0.0,20166,650.0,,Urban,LP001469,Graduate,No,Male,0,Yes,hf:LoanApprovalPrediction,2026-03-29_00-43
1929.0,2014,74.0,1.0,Urban,LP001473,Graduate,No,Male,0,No,hf:LoanApprovalPrediction,2026-03-29_00-43
0.0,2718,70.0,1.0,Semiurban,LP001478,Graduate,No,Male,0,No,hf:LoanApprovalPrediction,2026-03-29_00-43
0.0,3459,25.0,1.0,Semiurban,LP001482,Graduate,Yes,Male,0,Yes,hf:LoanApprovalPrediction,2026-03-29_00-43
0.0,4895,102.0,1.0,Semiurban,LP001487,Graduate,No,Male,0,No,hf:LoanApprovalPrediction,2026-03-29_00-43
7750.0,4000,290.0,1.0,Semiurban,LP001488,Graduate,Yes,Male,3+,No,hf:LoanApprovalPrediction,2026-03-29_00-43
0.0,4583,84.0,1.0,Rural,LP001489,Graduate,Yes,Female,0,No,hf:LoanApprovalPrediction,2026-03-29_00-43
3500.0,3316,88.0,1.0,Urban,LP001491,Graduate,Yes,Male,2,Yes,hf:LoanApprovalPrediction,2026-03-29_00-43
0.0,14999,242.0,0.0,Semiurban,LP001492,Graduate,No,Male,0,No,hf:LoanApprovalPrediction,2026-03-29_00-43
1430.0,4200,129.0,1.0,Rural,LP001493,Not Graduate,Yes,Male,2,No,hf:LoanApprovalPrediction,2026-03-29_00-43
2083.0,5042,185.0,1.0,Rural,LP001497,Graduate,Yes,Male,2,No,hf:LoanApprovalPrediction,2026-03-29_00-43
0.0,5417,168.0,1.0,Urban,LP001498,Graduate,No,Male,0,No,hf:LoanApprovalPrediction,2026-03-29_00-43
0.0,6950,175.0,1.0,Semiurban,LP001504,Graduate,No,Male,0,Yes,hf:LoanApprovalPrediction,2026-03-29_00-43
2034.0,2698,122.0,1.0,Semiurban,LP001507,Graduate,Yes,Male,0,No,hf:LoanApprovalPrediction,2026-03-29_00-43
0.0,11757,187.0,1.0,Urban,LP001508,Graduate,Yes,Male,2,No,hf:LoanApprovalPrediction,2026-03-29_00-43
4486.0,2330,100.0,1.0,Semiurban,LP001514,Graduate,Yes,Female,0,No,hf:LoanApprovalPrediction,2026-03-29_00-43
0.0,14866,70.0,1.0,Urban,LP001516,Graduate,Yes,Female,2,No,hf:LoanApprovalPrediction,2026-03-29_00-43
1425.0,1538,30.0,1.0,Urban,LP001518,Graduate,Yes,Male,1,No,hf:LoanApprovalPrediction,2026-03-29_00-43
1666.0,10000,225.0,1.0,Rural,LP001519,Graduate,No,Female,0,No,hf:LoanApprovalPrediction,2026-03-29_00-43
830.0,4860,125.0,1.0,Semiurban,LP001520,Graduate,Yes,Male,0,No,hf:LoanApprovalPrediction,2026-03-29_00-43
0.0,6277,118.0,0.0,Rural,LP001528,Graduate,No,Male,0,No,hf:LoanApprovalPrediction,2026-03-29_00-43
3750.0,2577,152.0,1.0,Rural,LP001529,Graduate,Yes,Male,0,Yes,hf:LoanApprovalPrediction,2026-03-29_00-43
0.0,9166,244.0,1.0,Urban,LP001531,Graduate,No,Male,0,No,hf:LoanApprovalPrediction,2026-03-29_00-43
0.0,2281,113.0,1.0,Rural,LP001532,Not Graduate,Yes,Male,2,No,hf:LoanApprovalPrediction,2026-03-29_00-43
0.0,3254,50.0,1.0,Urban,LP001535,Graduate,No,Male,0,No,hf:LoanApprovalPrediction,2026-03-29_00-43
0.0,39999,600.0,0.0,Semiurban,LP001536,Graduate,Yes,Male,3+,No,hf:LoanApprovalPrediction,2026-03-29_00-43
0.0,6000,160.0,,Rural,LP001541,Graduate,Yes,Male,1,No,hf:LoanApprovalPrediction,2026-03-29_00-43
0.0,9538,187.0,1.0,Urban,LP001543,Graduate,Yes,Male,1,No,hf:LoanApprovalPrediction,2026-03-29_00-43
2083.0,2980,120.0,1.0,Rural,LP001546,Graduate,No,Male,0,,hf:LoanApprovalPrediction,2026-03-29_00-43
5625.0,4583,255.0,1.0,Semiurban,LP001552,Graduate,Yes,Male,0,No,hf:LoanApprovalPrediction,2026-03-29_00-43
1041.0,1863,98.0,1.0,Semiurban,LP001560,Not Graduate,Yes,Male,0,No,hf:LoanApprovalPrediction,2026-03-29_00-43
0.0,7933,275.0,1.0,Urban,LP001562,Graduate,Yes,Male,0,No,hf:LoanApprovalPrediction,2026-03-29_00-43
1280.0,3089,121.0,0.0,Semiurban,LP001565,Graduate,Yes,Male,1,No,hf:LoanApprovalPrediction,2026-03-29_00-43
1447.0,4167,158.0,1.0,Rural,LP001570,Graduate,Yes,Male,2,No,hf:LoanApprovalPrediction,2026-03-29_00-43
0.0,9323,75.0,1.0,Urban,LP001572,Graduate,Yes,Male,0,No,hf:LoanApprovalPrediction,2026-03-29_00-43
3166.0,3707,182.0,1.0,Rural,LP001574,Graduate,Yes,Male,0,No,hf:LoanApprovalPrediction,2026-03-29_00-43
0.0,4583,112.0,1.0,Rural,LP001577,Graduate,Yes,Female,0,No,hf:LoanApprovalPrediction,2026-03-29_00-43
3333.0,2439,129.0,1.0,Rural,LP001578,Graduate,Yes,Male,0,No,hf:LoanApprovalPrediction,2026-03-29_00-43
0.0,2237,63.0,0.0,Semiurban,LP001579,Graduate,No,Male,0,No,hf:LoanApprovalPrediction,2026-03-29_00-43
0.0,8000,200.0,1.0,Semiurban,LP001580,Graduate,Yes,Male,2,No,hf:LoanApprovalPrediction,2026-03-29_00-43
1769.0,1820,95.0,1.0,Rural,LP001581,Not Graduate,Yes,Male,0,,hf:LoanApprovalPrediction,2026-03-29_00-43
0.0,51763,700.0,1.0,Urban,LP001585,Graduate,Yes,,3+,No,hf:LoanApprovalPrediction,2026-03-29_00-43
0.0,3522,81.0,1.0,Rural,LP001586,Not Graduate,Yes,Male,3+,No,hf:LoanApprovalPrediction,2026-03-29_00-43
5625.0,5708,187.0,1.0,Semiurban,LP001594,Graduate,Yes,Male,0,No,hf:LoanApprovalPrediction,2026-03-29_00-43
736.0,4344,87.0,1.0,Semiurban,LP001603,Not Graduate,Yes,Male,0,Yes,hf:LoanApprovalPrediction,2026-03-29_00-43
1964.0,3497,116.0,1.0,Rural,LP001606,Graduate,Yes,Male,0,No,hf:LoanApprovalPrediction,2026-03-29_00-43
1619.0,2045,101.0,1.0,Rural,LP001608,Graduate,Yes,Male,2,No,hf:LoanApprovalPrediction,2026-03-29_00-43
11300.0,5516,495.0,0.0,Semiurban,LP001610,Graduate,Yes,Male,3+,No,hf:LoanApprovalPrediction,2026-03-29_00-43
0.0,3750,116.0,1.0,Semiurban,LP001616,Graduate,Yes,Male,1,No,hf:LoanApprovalPrediction,2026-03-29_00-43
1451.0,2333,102.0,0.0,Urban,LP001630,Not Graduate,No,Male,0,No,hf:LoanApprovalPrediction,2026-03-29_00-43
7250.0,6400,180.0,0.0,Urban,LP001633,Graduate,Yes,Male,1,No,hf:LoanApprovalPrediction,2026-03-29_00-43
5063.0,1916,67.0,,Rural,LP001634,Graduate,No,Male,0,No,hf:LoanApprovalPrediction,2026-03-29_00-43
0.0,4600,73.0,1.0,Semiurban,LP001636,Graduate,Yes,Male,0,No,hf:LoanApprovalPrediction,2026-03-29_00-43
0.0,33846,260.0,1.0,Semiurban,LP001637,Graduate,Yes,Male,1,No,hf:LoanApprovalPrediction,2026-03-29_00-43
0.0,3625,108.0,1.0,Semiurban,LP001639,Graduate,Yes,Female,0,No,hf:LoanApprovalPrediction,2026-03-29_00-43
4750.0,39147,120.0,1.0,Semiurban,LP001640,Graduate,Yes,Male,0,Yes,hf:LoanApprovalPrediction,2026-03-29_00-43
0.0,2178,66.0,0.0,Rural,LP001641,Graduate,Yes,Male,1,Yes,hf:LoanApprovalPrediction,2026-03-29_00-43
2138.0,2383,58.0,,Rural,LP001643,Graduate,Yes,Male,0,No,hf:LoanApprovalPrediction,2026-03-29_00-43
5296.0,674,168.0,1.0,Rural,LP001644,Graduate,Yes,,0,Yes,hf:LoanApprovalPrediction,2026-03-29_00-43
0.0,9328,188.0,1.0,Rural,LP001647,Graduate,Yes,Male,0,No,hf:LoanApprovalPrediction,2026-03-29_00-43
0.0,4885,48.0,1.0,Rural,LP001653,Not Graduate,No,Male,0,No,hf:LoanApprovalPrediction,2026-03-29_00-43
0.0,12000,164.0,1.0,Semiurban,LP001656,Graduate,No,Male,0,No,hf:LoanApprovalPrediction,2026-03-29_00-43
0.0,6033,160.0,1.0,Urban,LP001657,Not Graduate,Yes,Male,0,No,hf:LoanApprovalPrediction,2026-03-29_00-43
0.0,3858,76.0,1.0,Semiurban,LP001658,Graduate,No,Male,0,No,hf:LoanApprovalPrediction,2026-03-29_00-43
0.0,4191,120.0,1.0,Rural,LP001664,Graduate,No,Male,0,No,hf:LoanApprovalPrediction,2026-03-29_00-43
2583.0,3125,170.0,1.0,Semiurban,LP001665,Graduate,Yes,Male,1,No,hf:LoanApprovalPrediction,2026-03-29_00-43
3750.0,8333,187.0,1.0,Rural,LP001666,Graduate,No,Male,0,No,hf:LoanApprovalPrediction,2026-03-29_00-43
2365.0,1907,120.0,1.0,Urban,LP001669,Not Graduate,No,Female,0,No,hf:LoanApprovalPrediction,2026-03-29_00-43
2816.0,3416,113.0,,Semiurban,LP001671,Graduate,Yes,Female,0,No,hf:LoanApprovalPrediction,2026-03-29_00-43
0.0,11000,83.0,1.0,Urban,LP001673,Graduate,No,Male,0,Yes,hf:LoanApprovalPrediction,2026-03-29_00-43
2500.0,2600,90.0,1.0,Semiurban,LP001674,Not Graduate,Yes,Male,1,No,hf:LoanApprovalPrediction,2026-03-29_00-43
0.0,4923,166.0,0.0,Semiurban,LP001677,Graduate,No,Male,2,No,hf:LoanApprovalPrediction,2026-03-29_00-43
0.0,3992,,1.0,Urban,LP001682,Not Graduate,Yes,Male,3+,No,hf:LoanApprovalPrediction,2026-03-29_00-43
1083.0,3500,135.0,1.0,Urban,LP001688,Not Graduate,Yes,Male,1,No,hf:LoanApprovalPrediction,2026-03-29_00-43
0.0,3917,124.0,1.0,Semiurban,LP001691,Not Graduate,Yes,Male,2,No,hf:LoanApprovalPrediction,2026-03-29_00-43
0.0,4408,120.0,1.0,Semiurban,LP001692,Not Graduate,No,Female,0,No,hf:LoanApprovalPrediction,2026-03-29_00-43
0.0,3244,80.0,1.0,Urban,LP001693,Graduate,No,Female,0,No,hf:LoanApprovalPrediction,2026-03-29_00-43
2531.0,3975,55.0,1.0,Rural,LP001698,Not Graduate,No,Male,0,No,hf:LoanApprovalPrediction,2026-03-29_00-43
0.0,2479,59.0,1.0,Urban,LP001699,Graduate,No,Male,0,No,hf:LoanApprovalPrediction,2026-03-29_00-43
0.0,3418,127.0,1.0,Semiurban,LP001702,Graduate,No,Male,0,No,hf:LoanApprovalPrediction,2026-03-29_00-43
0.0,10000,214.0,1.0,Semiurban,LP001708,Graduate,No,Female,0,No,hf:LoanApprovalPrediction,2026-03-29_00-43
1250.0,3430,128.0,0.0,Semiurban,LP001711,Graduate,Yes,Male,3+,No,hf:LoanApprovalPrediction,2026-03-29_00-43
0.0,7787,240.0,1.0,Urban,LP001713,Graduate,Yes,Male,1,Yes,hf:LoanApprovalPrediction,2026-03-29_00-43
0.0,5703,130.0,1.0,Rural,LP001715,Not Graduate,Yes,Male,3+,Yes,hf:LoanApprovalPrediction,2026-03-29_00-43
3021.0,3173,137.0,1.0,Urban,LP001716,Graduate,Yes,Male,0,No,hf:LoanApprovalPrediction,2026-03-29_00-43
983.0,3850,100.0,1.0,Semiurban,LP001720,Not Graduate,Yes,Male,3+,No,hf:LoanApprovalPrediction,2026-03-29_00-43
1800.0,150,135.0,1.0,Rural,LP001722,Graduate,Yes,Male,0,No,hf:LoanApprovalPrediction,2026-03-29_00-43
1775.0,3727,131.0,1.0,Semiurban,LP001726,Graduate,Yes,Male,0,No,hf:LoanApprovalPrediction,2026-03-29_00-43
0.0,5000,72.0,0.0,Semiurban,LP001732,Graduate,Yes,Male,2,,hf:LoanApprovalPrediction,2026-03-29_00-43
2383.0,4283,127.0,,Semiurban,LP001734,Graduate,Yes,Female,2,No,hf:LoanApprovalPrediction,2026-03-29_00-43
0.0,2221,60.0,0.0,Urban,LP001736,Graduate,Yes,Male,0,No,hf:LoanApprovalPrediction,2026-03-29_00-43
1717.0,4009,116.0,1.0,Semiurban,LP001743,Graduate,Yes,Male,2,No,hf:LoanApprovalPrediction,2026-03-29_00-43
2791.0,2971,144.0,1.0,Semiurban,LP001744,Graduate,No,Male,0,No,hf:LoanApprovalPrediction,2026-03-29_00-43
1010.0,7578,175.0,1.0,Semiurban,LP001749,Graduate,Yes,Male,0,No,hf:LoanApprovalPrediction,2026-03-29_00-43
0.0,6250,128.0,1.0,Semiurban,LP001750,Graduate,Yes,Male,0,No,hf:LoanApprovalPrediction,2026-03-29_00-43
0.0,3250,170.0,1.0,Rural,LP001751,Graduate,Yes,Male,0,No,hf:LoanApprovalPrediction,2026-03-29_00-43
0.0,4735,138.0,1.0,Urban,LP001754,Not Graduate,Yes,Male,,Yes,hf:LoanApprovalPrediction,2026-03-29_00-43
1695.0,6250,210.0,1.0,Semiurban,LP001758,Graduate,Yes,Male,2,No,hf:LoanApprovalPrediction,2026-03-29_00-43
0.0,4758,158.0,1.0,Semiurban,LP001760,Graduate,,Male,,No,hf:LoanApprovalPrediction,2026-03-29_00-43
0.0,6400,200.0,1.0,Rural,LP001761,Graduate,No,Male,0,Yes,hf:LoanApprovalPrediction,2026-03-29_00-43
2054.0,2491,104.0,1.0,Semiurban,LP001765,Graduate,Yes,Male,1,No,hf:LoanApprovalPrediction,2026-03-29_00-43
0.0,3716,42.0,1.0,Rural,LP001768,Graduate,Yes,Male,0,,hf:LoanApprovalPrediction,2026-03-29_00-43
2598.0,3189,120.0,1.0,Rural,LP001770,Not Graduate,No,Male,0,No,hf:LoanApprovalPrediction,2026-03-29_00-43
0.0,8333,280.0,1.0,Semiurban,LP001776,Graduate,No,Female,0,No,hf:LoanApprovalPrediction,2026-03-29_00-43
1779.0,3155,140.0,1.0,Semiurban,LP001778,Graduate,Yes,Male,1,No,hf:LoanApprovalPrediction,2026-03-29_00-43
1260.0,5500,170.0,1.0,Rural,LP001784,Graduate,Yes,Male,1,No,hf:LoanApprovalPrediction,2026-03-29_00-43
0.0,5746,255.0,,Urban,LP001786,Graduate,Yes,Male,0,,hf:LoanApprovalPrediction,2026-03-29_00-43
0.0,3463,122.0,,Urban,LP001788,Graduate,No,Female,0,Yes,hf:LoanApprovalPrediction,2026-03-29_00-43
0.0,3812,112.0,1.0,Rural,LP001790,Graduate,No,Female,1,No,hf:LoanApprovalPrediction,2026-03-29_00-43
0.0,3315,96.0,1.0,Semiurban,LP001792,Graduate,Yes,Male,1,No,hf:LoanApprovalPrediction,2026-03-29_00-43
5000.0,5819,120.0,1.0,Rural,LP001798,Graduate,Yes,Male,2,No,hf:LoanApprovalPrediction,2026-03-29_00-43
1983.0,2510,140.0,1.0,Urban,LP001800,Not Graduate,Yes,Male,1,No,hf:LoanApprovalPrediction,2026-03-29_00-43
5701.0,2965,155.0,1.0,Urban,LP001806,Graduate,No,Male,0,No,hf:LoanApprovalPrediction,2026-03-29_00-43
1300.0,6250,108.0,1.0,Rural,LP001807,Graduate,Yes,Male,2,Yes,hf:LoanApprovalPrediction,2026-03-29_00-43
4417.0,3406,123.0,1.0,Semiurban,LP001811,Not Graduate,Yes,Male,0,No,hf:LoanApprovalPrediction,2026-03-29_00-43
4333.0,6050,120.0,1.0,Urban,LP001813,Graduate,No,Male,0,Yes,hf:LoanApprovalPrediction,2026-03-29_00-43
0.0,9703,112.0,1.0,Urban,LP001814,Graduate,Yes,Male,2,No,hf:LoanApprovalPrediction,2026-03-29_00-43
0.0,6608,137.0,1.0,Urban,LP001819,Not Graduate,Yes,Male,1,No,hf:LoanApprovalPrediction,2026-03-29_00-43
1843.0,2882,123.0,1.0,Semiurban,LP001824,Graduate,Yes,Male,1,No,hf:LoanApprovalPrediction,2026-03-29_00-43
1868.0,1809,90.0,1.0,Urban,LP001825,Graduate,Yes,Male,0,No,hf:LoanApprovalPrediction,2026-03-29_00-43
3890.0,1668,201.0,0.0,Semiurban,LP001835,Not Graduate,Yes,Male,0,No,hf:LoanApprovalPrediction,2026-03-29_00-43
0.0,3427,138.0,1.0,Urban,LP001836,Graduate,No,Female,2,No,hf:LoanApprovalPrediction,2026-03-29_00-43
2167.0,2583,104.0,1.0,Rural,LP001841,Not Graduate,No,Male,0,Yes,hf:LoanApprovalPrediction,2026-03-29_00-43
7101.0,2661,279.0,1.0,Semiurban,LP001843,Not Graduate,Yes,Male,1,No,hf:LoanApprovalPrediction,2026-03-29_00-43
0.0,16250,192.0,0.0,Urban,LP001844,Graduate,No,Male,0,Yes,hf:LoanApprovalPrediction,2026-03-29_00-43
0.0,3083,255.0,1.0,Rural,LP001846,Graduate,No,Female,3+,No,hf:LoanApprovalPrediction,2026-03-29_00-43
0.0,6045,115.0,0.0,Rural,LP001849,Not Graduate,No,Male,0,No,hf:LoanApprovalPrediction,2026-03-29_00-43
0.0,5250,94.0,1.0,Urban,LP001854,Graduate,Yes,Male,3+,No,hf:LoanApprovalPrediction,2026-03-29_00-43
2100.0,14683,304.0,1.0,Rural,LP001859,Graduate,Yes,Male,0,No,hf:LoanApprovalPrediction,2026-03-29_00-43
0.0,4931,128.0,,Semiurban,LP001864,Not Graduate,Yes,Male,3+,No,hf:LoanApprovalPrediction,2026-03-29_00-43
4250.0,6083,330.0,,Urban,LP001865,Graduate,Yes,Male,1,No,hf:LoanApprovalPrediction,2026-03-29_00-43
2209.0,2060,134.0,1.0,Semiurban,LP001868,Graduate,No,Male,0,No,hf:LoanApprovalPrediction,2026-03-29_00-43
0.0,3481,155.0,1.0,Semiurban,LP001870,Graduate,No,Female,1,No,hf:LoanApprovalPrediction,2026-03-29_00-43
0.0,7200,120.0,1.0,Rural,LP001871,Graduate,No,Female,0,No,hf:LoanApprovalPrediction,2026-03-29_00-43
0.0,5166,128.0,1.0,Semiurban,LP001872,Graduate,No,Male,0,Yes,hf:LoanApprovalPrediction,2026-03-29_00-43
3447.0,4095,151.0,1.0,Rural,LP001875,Graduate,No,Male,0,No,hf:LoanApprovalPrediction,2026-03-29_00-43
1387.0,4708,150.0,1.0,Semiurban,LP001877,Graduate,Yes,Male,2,No,hf:LoanApprovalPrediction,2026-03-29_00-43
1811.0,4333,160.0,0.0,Urban,LP001882,Graduate,Yes,Male,3+,No,hf:LoanApprovalPrediction,2026-03-29_00-43
0.0,3418,135.0,1.0,Rural,LP001883,Graduate,No,Female,0,,hf:LoanApprovalPrediction,2026-03-29_00-43
1560.0,2876,90.0,1.0,Urban,LP001884,Graduate,No,Female,1,No,hf:LoanApprovalPrediction,2026-03-29_00-43
0.0,3237,30.0,1.0,Urban,LP001888,Graduate,No,Female,0,No,hf:LoanApprovalPrediction,2026-03-29_00-43
0.0,11146,136.0,1.0,Urban,LP001891,Graduate,Yes,Male,0,No,hf:LoanApprovalPrediction,2026-03-29_00-43
1857.0,2833,126.0,1.0,Rural,LP001892,Graduate,No,Male,0,No,hf:LoanApprovalPrediction,2026-03-29_00-43
2223.0,2620,150.0,1.0,Semiurban,LP001894,Graduate,Yes,Male,0,No,hf:LoanApprovalPrediction,2026-03-29_00-43
0.0,3900,90.0,1.0,Semiurban,LP001896,Graduate,Yes,Male,2,No,hf:LoanApprovalPrediction,2026-03-29_00-43
1842.0,2750,115.0,1.0,Semiurban,LP001900,Graduate,Yes,Male,1,No,hf:LoanApprovalPrediction,2026-03-29_00-43
3274.0,3993,207.0,1.0,Semiurban,LP001903,Graduate,Yes,Male,0,No,hf:LoanApprovalPrediction,2026-03-29_00-43
1300.0,3103,80.0,1.0,Urban,LP001904,Graduate,Yes,Male,0,No,hf:LoanApprovalPrediction,2026-03-29_00-43
0.0,14583,436.0,1.0,Semiurban,LP001907,Graduate,Yes,Male,0,No,hf:LoanApprovalPrediction,2026-03-29_00-43
0.0,4100,124.0,,Rural,LP001908,Not Graduate,Yes,Female,0,No,hf:LoanApprovalPrediction,2026-03-29_00-43
2426.0,4053,158.0,0.0,Urban,LP001910,Not Graduate,No,Male,1,Yes,hf:LoanApprovalPrediction,2026-03-29_00-43
800.0,3927,112.0,1.0,Semiurban,LP001914,Graduate,Yes,Male,0,No,hf:LoanApprovalPrediction,2026-03-29_00-43
985.7999878,2301,78.0,1.0,Urban,LP001915,Graduate,Yes,Male,2,No,hf:LoanApprovalPrediction,2026-03-29_00-43
1666.0,1811,54.0,1.0,Urban,LP001917,Graduate,No,Female,0,No,hf:LoanApprovalPrediction,2026-03-29_00-43
0.0,20667,,1.0,Rural,LP001922,Graduate,Yes,Male,0,No,hf:LoanApprovalPrediction,2026-03-29_00-43
3053.0,3158,89.0,1.0,Rural,LP001924,Graduate,No,Male,0,No,hf:LoanApprovalPrediction,2026-03-29_00-43
1717.0,2600,99.0,1.0,Semiurban,LP001925,Graduate,No,Female,0,Yes,hf:LoanApprovalPrediction,2026-03-29_00-43
2000.0,3704,120.0,1.0,Rural,LP001926,Graduate,Yes,Male,0,No,hf:LoanApprovalPrediction,2026-03-29_00-43
0.0,4124,115.0,1.0,Semiurban,LP001931,Graduate,No,Female,0,No,hf:LoanApprovalPrediction,2026-03-29_00-43
0.0,9508,187.0,1.0,Rural,LP001935,Graduate,No,Male,0,No,hf:LoanApprovalPrediction,2026-03-29_00-43
2416.0,3075,139.0,1.0,Rural,LP001936,Graduate,Yes,Male,0,No,hf:LoanApprovalPrediction,2026-03-29_00-43
0.0,4400,127.0,0.0,Semiurban,LP001938,Graduate,Yes,Male,2,No,hf:LoanApprovalPrediction,2026-03-29_00-43
1560.0,3153,134.0,1.0,Urban,LP001940,Graduate,Yes,Male,2,No,hf:LoanApprovalPrediction,2026-03-29_00-43
0.0,5417,143.0,0.0,Urban,LP001945,Graduate,No,Female,,No,hf:LoanApprovalPrediction,2026-03-29_00-43
3334.0,2383,172.0,1.0,Semiurban,LP001947,Graduate,Yes,Male,0,No,hf:LoanApprovalPrediction,2026-03-29_00-43
1250.0,4416,110.0,1.0,Urban,LP001949,Graduate,Yes,Male,3+,,hf:LoanApprovalPrediction,2026-03-29_00-43
0.0,6875,200.0,1.0,Semiurban,LP001953,Graduate,Yes,Male,1,No,hf:LoanApprovalPrediction,2026-03-29_00-43
0.0,4666,135.0,1.0,Urban,LP001954,Graduate,Yes,Female,1,No,hf:LoanApprovalPrediction,2026-03-29_00-43
2541.0,5000,151.0,1.0,Rural,LP001955,Graduate,No,Female,0,No,hf:LoanApprovalPrediction,2026-03-29_00-43
2925.0,2014,113.0,1.0,Urban,LP001963,Graduate,Yes,Male,1,No,hf:LoanApprovalPrediction,2026-03-29_00-43
2934.0,1800,93.0,0.0,Urban,LP001964,Not Graduate,Yes,Male,0,No,hf:LoanApprovalPrediction,2026-03-29_00-43
1750.0,2875,105.0,1.0,Semiurban,LP001972,Not Graduate,Yes,Male,,No,hf:LoanApprovalPrediction,2026-03-29_00-43
0.0,5000,132.0,1.0,Rural,LP001974,Graduate,No,Female,0,No,hf:LoanApprovalPrediction,2026-03-29_00-43
1803.0,1625,96.0,1.0,Urban,LP001977,Graduate,Yes,Male,1,No,hf:LoanApprovalPrediction,2026-03-29_00-43
2500.0,4000,140.0,1.0,Rural,LP001978,Graduate,No,Male,0,No,hf:LoanApprovalPrediction,2026-03-29_00-43
0.0,2000,,1.0,Urban,LP001990,Not Graduate,No,Male,0,No,hf:LoanApprovalPrediction,2026-03-29_00-43
1666.0,3762,135.0,1.0,Rural,LP001993,Graduate,No,Female,0,No,hf:LoanApprovalPrediction,2026-03-29_00-43
1863.0,2400,104.0,0.0,Urban,LP001994,Graduate,No,Female,0,No,hf:LoanApprovalPrediction,2026-03-29_00-43
0.0,20233,480.0,1.0,Rural,LP001996,Graduate,No,Male,0,No,hf:LoanApprovalPrediction,2026-03-29_00-43
0.0,7667,185.0,,Rural,LP001998,Not Graduate,Yes,Male,2,No,hf:LoanApprovalPrediction,2026-03-29_00-43
0.0,2917,84.0,1.0,Semiurban,LP002002,Graduate,No,Female,0,No,hf:LoanApprovalPrediction,2026-03-29_00-43
2405.0,2927,111.0,1.0,Semiurban,LP002004,Not Graduate,No,Male,0,No,hf:LoanApprovalPrediction,2026-03-29_00-43
0.0,2507,56.0,1.0,Rural,LP002006,Graduate,No,Female,0,No,hf:LoanApprovalPrediction,2026-03-29_00-43
0.0,5746,144.0,,Rural,LP002008,Graduate,Yes,Male,2,Yes,hf:LoanApprovalPrediction,2026-03-29_00-43
1843.0,2473,159.0,1.0,Rural,LP002024,Graduate,Yes,,0,No,hf:LoanApprovalPrediction,2026-03-29_00-43
1640.0,3399,111.0,1.0,Urban,LP002031,Not Graduate,Yes,Male,1,No,hf:LoanApprovalPrediction,2026-03-29_00-43
0.0,3717,120.0,1.0,Semiurban,LP002035,Graduate,Yes,Male,2,No,hf:LoanApprovalPrediction,2026-03-29_00-43
2134.0,2058,88.0,,Urban,LP002036,Graduate,Yes,Male,0,No,hf:LoanApprovalPrediction,2026-03-29_00-43
0.0,3541,112.0,,Semiurban,LP002043,Graduate,No,Female,1,No,hf:LoanApprovalPrediction,2026-03-29_00-43
0.0,10000,155.0,1.0,Rural,LP002050,Graduate,Yes,Male,1,Yes,hf:LoanApprovalPrediction,2026-03-29_00-43
2167.0,2400,115.0,1.0,Semiurban,LP002051,Graduate,Yes,Male,0,No,hf:LoanApprovalPrediction,2026-03-29_00-43
189.0,4342,124.0,1.0,Semiurban,LP002053,Graduate,Yes,Male,3+,No,hf:LoanApprovalPrediction,2026-03-29_00-43
1590.0,3601,,1.0,Rural,LP002054,Not Graduate,Yes,Male,2,No,hf:LoanApprovalPrediction,2026-03-29_00-43
2985.0,3166,132.0,,Rural,LP002055,Graduate,No,Female,0,No,hf:LoanApprovalPrediction,2026-03-29_00-43
0.0,15000,300.0,1.0,Rural,LP002065,Graduate,Yes,Male,3+,No,hf:LoanApprovalPrediction,2026-03-29_00-43
4983.0,8666,376.0,0.0,Rural,LP002067,Graduate,Yes,Male,1,Yes,hf:LoanApprovalPrediction,2026-03-29_00-43
0.0,4917,130.0,0.0,Rural,LP002068,Graduate,No,Male,0,No,hf:LoanApprovalPrediction,2026-03-29_00-43
2160.0,5818,184.0,1.0,Semiurban,LP002082,Graduate,Yes,Male,0,Yes,hf:LoanApprovalPrediction,2026-03-29_00-43
2451.0,4333,110.0,1.0,Urban,LP002086,Graduate,Yes,Female,0,No,hf:LoanApprovalPrediction,2026-03-29_00-43
0.0,2500,67.0,1.0,Urban,LP002087,Graduate,No,Female,0,No,hf:LoanApprovalPrediction,2026-03-29_00-43
1793.0,4384,117.0,1.0,Urban,LP002097,Graduate,No,Male,1,No,hf:LoanApprovalPrediction,2026-03-29_00-43
0.0,2935,98.0,1.0,Semiurban,LP002098,Graduate,No,Male,0,No,hf:LoanApprovalPrediction,2026-03-29_00-43
0.0,2833,71.0,1.0,Urban,LP002100,Graduate,No,Male,,No,hf:LoanApprovalPrediction,2026-03-29_00-43
0.0,63337,490.0,1.0,Urban,LP002101,Graduate,Yes,Male,0,,hf:LoanApprovalPrediction,2026-03-29_00-43
1833.0,9833,182.0,1.0,Urban,LP002103,Graduate,Yes,,1,Yes,hf:LoanApprovalPrediction,2026-03-29_00-43
4490.0,5503,70.0,1.0,Semiurban,LP002106,Graduate,Yes,Male,,Yes,hf:LoanApprovalPrediction,2026-03-29_00-43
688.0,5250,160.0,1.0,Rural,LP002110,Graduate,Yes,Male,1,,hf:LoanApprovalPrediction,2026-03-29_00-43
4600.0,2500,176.0,1.0,Rural,LP002112,Graduate,Yes,Male,2,Yes,hf:LoanApprovalPrediction,2026-03-29_00-43
0.0,1830,,0.0,Urban,LP002113,Not Graduate,No,Female,3+,No,hf:LoanApprovalPrediction,2026-03-29_00-43
0.0,4160,71.0,1.0,Semiurban,LP002114,Graduate,No,Female,0,No,hf:LoanApprovalPrediction,2026-03-29_00-43
1587.0,2647,173.0,1.0,Rural,LP002115,Not Graduate,Yes,Male,3+,No,hf:LoanApprovalPrediction,2026-03-29_00-43
0.0,2378,46.0,1.0,Rural,LP002116,Graduate,No,Female,0,No,hf:LoanApprovalPrediction,2026-03-29_00-43
1229.0,4554,158.0,1.0,Urban,LP002119,Not Graduate,Yes,Male,1,No,hf:LoanApprovalPrediction,2026-03-29_00-43
0.0,3173,74.0,1.0,Semiurban,LP002126,Not Graduate,Yes,Male,3+,No,hf:LoanApprovalPrediction,2026-03-29_00-43
2330.0,2583,125.0,1.0,Rural,LP002128,Graduate,Yes,Male,2,,hf:LoanApprovalPrediction,2026-03-29_00-43
2458.0,2499,160.0,1.0,Semiurban,LP002129,Graduate,Yes,Male,0,No,hf:LoanApprovalPrediction,2026-03-29_00-43
3230.0,3523,152.0,0.0,Rural,LP002130,Not Graduate,Yes,Male,,No,hf:LoanApprovalPrediction,2026-03-29_00-43
2168.0,3083,126.0,1.0,Urban,LP002131,Not Graduate,Yes,Male,2,No,hf:LoanApprovalPrediction,2026-03-29_00-43
4583.0,6333,259.0,,Semiurban,LP002137,Graduate,Yes,Male,0,No,hf:LoanApprovalPrediction,2026-03-29_00-43
6250.0,2625,187.0,1.0,Rural,LP002138,Graduate,Yes,Male,0,No,hf:LoanApprovalPrediction,2026-03-29_00-43
0.0,9083,228.0,1.0,Semiurban,LP002139,Graduate,Yes,Male,0,No,hf:LoanApprovalPrediction,2026-03-29_00-43
4167.0,8750,308.0,1.0,Rural,LP002140,Graduate,No,Male,0,No,hf:LoanApprovalPrediction,2026-03-29_00-43
2083.0,2666,95.0,1.0,Rural,LP002141,Graduate,Yes,Male,3+,No,hf:LoanApprovalPrediction,2026-03-29_00-43
0.0,5500,105.0,0.0,Rural,LP002142,Graduate,Yes,Female,0,Yes,hf:LoanApprovalPrediction,2026-03-29_00-43
505.0,2423,130.0,1.0,Semiurban,LP002143,Graduate,Yes,Female,0,No,hf:LoanApprovalPrediction,2026-03-29_00-43
0.0,3813,116.0,1.0,Urban,LP002144,Graduate,No,Female,,No,hf:LoanApprovalPrediction,2026-03-29_00-43
3167.0,8333,165.0,1.0,Rural,LP002149,Graduate,Yes,Male,2,No,hf:LoanApprovalPrediction,2026-03-29_00-43
0.0,3875,67.0,1.0,Urban,LP002151,Graduate,Yes,Male,1,No,hf:LoanApprovalPrediction,2026-03-29_00-43
1666.0,3000,100.0,0.0,Urban,LP002158,Not Graduate,Yes,Male,0,No,hf:LoanApprovalPrediction,2026-03-29_00-43
3167.0,5167,200.0,1.0,Semiurban,LP002160,Graduate,Yes,Male,3+,No,hf:LoanApprovalPrediction,2026-03-29_00-43
0.0,4723,81.0,1.0,Semiurban,LP002161,Graduate,No,Female,1,No,hf:LoanApprovalPrediction,2026-03-29_00-43
3667.0,5000,236.0,1.0,Semiurban,LP002170,Graduate,Yes,Male,2,No,hf:LoanApprovalPrediction,2026-03-29_00-43
2333.0,4750,130.0,1.0,Urban,LP002175,Graduate,Yes,Male,0,No,hf:LoanApprovalPrediction,2026-03-29_00-43
3033.0,3013,95.0,,Urban,LP002178,Graduate,Yes,Male,0,No,hf:LoanApprovalPrediction,2026-03-29_00-43
0.0,6822,141.0,1.0,Rural,LP002180,Graduate,No,Male,0,Yes,hf:LoanApprovalPrediction,2026-03-29_00-43
0.0,6216,133.0,1.0,Rural,LP002181,Not Graduate,No,Male,0,No,hf:LoanApprovalPrediction,2026-03-29_00-43
0.0,2500,96.0,1.0,Semiurban,LP002187,Graduate,No,Male,0,No,hf:LoanApprovalPrediction,2026-03-29_00-43
0.0,5124,124.0,0.0,Rural,LP002188,Graduate,No,Male,0,No,hf:LoanApprovalPrediction,2026-03-29_00-43
0.0,6325,175.0,1.0,Semiurban,LP002190,Graduate,Yes,Male,1,No,hf:LoanApprovalPrediction,2026-03-29_00-43
5266.0,19730,570.0,1.0,Rural,LP002191,Graduate,Yes,Male,0,No,hf:LoanApprovalPrediction,2026-03-29_00-43
0.0,15759,55.0,1.0,Semiurban,LP002194,Graduate,No,Female,0,Yes,hf:LoanApprovalPrediction,2026-03-29_00-43
0.0,5185,155.0,1.0,Semiurban,LP002197,Graduate,Yes,Male,2,No,hf:LoanApprovalPrediction,2026-03-29_00-43
7873.0,9323,380.0,1.0,Rural,LP002201,Graduate,Yes,Male,2,Yes,hf:LoanApprovalPrediction,2026-03-29_00-43
1987.0,3062,111.0,0.0,Urban,LP002205,Graduate,No,Male,1,No,hf:LoanApprovalPrediction,2026-03-29_00-43
1459.0,2764,110.0,1.0,Urban,LP002209,Graduate,No,Female,0,,hf:LoanApprovalPrediction,2026-03-29_00-43
923.0,4817,120.0,1.0,Urban,LP002211,Graduate,Yes,Male,0,No,hf:LoanApprovalPrediction,2026-03-29_00-43
4996.0,8750,130.0,1.0,Rural,LP002219,Graduate,Yes,Male,3+,No,hf:LoanApprovalPrediction,2026-03-29_00-43
0.0,4310,130.0,,Semiurban,LP002223,Graduate,Yes,Male,0,No,hf:LoanApprovalPrediction,2026-03-29_00-43
0.0,3069,71.0,1.0,Urban,LP002224,Graduate,No,Male,0,No,hf:LoanApprovalPrediction,2026-03-29_00-43
0.0,5391,130.0,1.0,Urban,LP002225,Graduate,Yes,Male,2,No,hf:LoanApprovalPrediction,2026-03-29_00-43
2500.0,3333,128.0,1.0,Semiurban,LP002226,Graduate,Yes,Male,0,,hf:LoanApprovalPrediction,2026-03-29_00-43
4232.0,5941,296.0,1.0,Semiurban,LP002229,Graduate,No,Male,0,No,hf:LoanApprovalPrediction,2026-03-29_00-43
0.0,6000,156.0,1.0,Urban,LP002231,Graduate,No,Female,0,No,hf:LoanApprovalPrediction,2026-03-29_00-43
0.0,7167,128.0,1.0,Urban,LP002234,Graduate,No,Male,0,Yes,hf:LoanApprovalPrediction,2026-03-29_00-43
0.0,4566,100.0,1.0,Urban,LP002236,Graduate,Yes,Male,2,No,hf:LoanApprovalPrediction,2026-03-29_00-43
0.0,3667,113.0,1.0,Urban,LP002237,Graduate,No,Male,1,,hf:LoanApprovalPrediction,2026-03-29_00-43
1600.0,2346,132.0,1.0,Semiurban,LP002239,Not Graduate,No,Male,0,No,hf:LoanApprovalPrediction,2026-03-29_00-43
3136.0,3010,,0.0,Urban,LP002243,Not Graduate,Yes,Male,0,No,hf:LoanApprovalPrediction,2026-03-29_00-43
2417.0,2333,136.0,1.0,Urban,LP002244,Graduate,Yes,Male,0,No,hf:LoanApprovalPrediction,2026-03-29_00-43
0.0,5488,125.0,1.0,Rural,LP002250,Graduate,Yes,Male,0,No,hf:LoanApprovalPrediction,2026-03-29_00-43
0.0,9167,185.0,1.0,Rural,LP002255,Graduate,No,Male,3+,No,hf:LoanApprovalPrediction,2026-03-29_00-43
0.0,9504,275.0,1.0,Rural,LP002262,Graduate,Yes,Male,3+,No,hf:LoanApprovalPrediction,2026-03-29_00-43
2115.0,2583,120.0,,Urban,LP002263,Graduate,Yes,Male,0,No,hf:LoanApprovalPrediction,2026-03-29_00-43
1625.0,1993,113.0,1.0,Semiurban,LP002265,Not Graduate,Yes,Male,2,No,hf:LoanApprovalPrediction,2026-03-29_00-43
1400.0,3100,113.0,1.0,Urban,LP002266,Graduate,Yes,Male,2,No,hf:LoanApprovalPrediction,2026-03-29_00-43
484.0,3276,135.0,,Semiurban,LP002272,Graduate,Yes,Male,2,No,hf:LoanApprovalPrediction,2026-03-29_00-43
0.0,3180,71.0,0.0,Urban,LP002277,Graduate,No,Female,0,No,hf:LoanApprovalPrediction,2026-03-29_00-43
1459.0,3033,95.0,1.0,Urban,LP002281,Graduate,Yes,Male,0,No,hf:LoanApprovalPrediction,2026-03-29_00-43
1666.0,3902,109.0,1.0,Rural,LP002284,Not Graduate,No,Male,0,No,hf:LoanApprovalPrediction,2026-03-29_00-43
1800.0,1500,103.0,0.0,Semiurban,LP002287,Graduate,No,Female,0,No,hf:LoanApprovalPrediction,2026-03-29_00-43
0.0,2889,45.0,0.0,Urban,LP002288,Not Graduate,Yes,Male,2,No,hf:LoanApprovalPrediction,2026-03-29_00-43
0.0,2755,65.0,1.0,Rural,LP002296,Not Graduate,No,Male,0,No,hf:LoanApprovalPrediction,2026-03-29_00-43
20000.0,2500,103.0,1.0,Semiurban,LP002297,Graduate,No,Male,0,No,hf:LoanApprovalPrediction,2026-03-29_00-43
0.0,1963,53.0,1.0,Semiurban,LP002300,Not Graduate,No,Female,0,No,hf:LoanApprovalPrediction,2026-03-29_00-43
0.0,7441,194.0,1.0,Rural,LP002301,Graduate,No,Female,0,Yes,hf:LoanApprovalPrediction,2026-03-29_00-43
0.0,4547,115.0,1.0,Semiurban,LP002305,Graduate,No,Female,0,No,hf:LoanApprovalPrediction,2026-03-29_00-43
2400.0,2167,115.0,1.0,Urban,LP002308,Not Graduate,Yes,Male,0,No,hf:LoanApprovalPrediction,2026-03-29_00-43
0.0,2213,66.0,1.0,Rural,LP002314,Not Graduate,No,Female,0,No,hf:LoanApprovalPrediction,2026-03-29_00-43
0.0,8300,152.0,0.0,Semiurban,LP002315,Graduate,Yes,Male,1,No,hf:LoanApprovalPrediction,2026-03-29_00-43
0.0,81000,360.0,0.0,Rural,LP002317,Graduate,Yes,Male,3+,No,hf:LoanApprovalPrediction,2026-03-29_00-43
0.0,3867,62.0,1.0,Semiurban,LP002318,Not Graduate,No,Female,1,Yes,hf:LoanApprovalPrediction,2026-03-29_00-43
0.0,6256,160.0,,Urban,LP002319,Graduate,Yes,Male,0,,hf:LoanApprovalPrediction,2026-03-29_00-43
0.0,6096,218.0,0.0,Rural,LP002328,Not Graduate,Yes,Male,0,No,hf:LoanApprovalPrediction,2026-03-29_00-43
2033.0,2253,110.0,1.0,Rural,LP002332,Not Graduate,Yes,Male,0,No,hf:LoanApprovalPrediction,2026-03-29_00-43
3237.0,2149,178.0,0.0,Semiurban,LP002335,Not Graduate,Yes,Female,0,No,hf:LoanApprovalPrediction,2026-03-29_00-43
0.0,2995,60.0,1.0,Urban,LP002337,Graduate,No,Female,0,No,hf:LoanApprovalPrediction,2026-03-29_00-43
0.0,2600,160.0,1.0,Urban,LP002341,Graduate,No,Female,1,No,hf:LoanApprovalPrediction,2026-03-29_00-43
20000.0,1600,239.0,1.0,Urban,LP002342,Graduate,Yes,Male,2,Yes,hf:LoanApprovalPrediction,2026-03-29_00-43
2773.0,1025,112.0,1.0,Rural,LP002345,Graduate,Yes,Male,0,No,hf:LoanApprovalPrediction,2026-03-29_00-43
1417.0,3246,138.0,1.0,Semiurban,LP002347,Graduate,Yes,Male,0,No,hf:LoanApprovalPrediction,2026-03-29_00-43
0.0,5829,138.0,1.0,Rural,LP002348,Graduate,Yes,Male,0,No,hf:LoanApprovalPrediction,2026-03-29_00-43
0.0,2720,80.0,0.0,Urban,LP002357,Not Graduate,No,Female,0,No,hf:LoanApprovalPrediction,2026-03-29_00-43
1719.0,1820,100.0,1.0,Urban,LP002361,Graduate,Yes,Male,0,No,hf:LoanApprovalPrediction,2026-03-29_00-43
1667.0,7250,110.0,0.0,Urban,LP002362,Graduate,Yes,Male,1,No,hf:LoanApprovalPrediction,2026-03-29_00-43
0.0,14880,96.0,1.0,Semiurban,LP002364,Graduate,Yes,Male,0,No,hf:LoanApprovalPrediction,2026-03-29_00-43
4300.0,2666,121.0,1.0,Rural,LP002366,Graduate,Yes,Male,0,No,hf:LoanApprovalPrediction,2026-03-29_00-43
0.0,4606,81.0,1.0,Rural,LP002367,Not Graduate,No,Female,1,No,hf:LoanApprovalPrediction,2026-03-29_00-43
0.0,5935,133.0,1.0,Semiurban,LP002368,Graduate,Yes,Male,2,No,hf:LoanApprovalPrediction,2026-03-29_00-43
16.12000084,2920,87.0,1.0,Rural,LP002369,Graduate,Yes,Male,0,No,hf:LoanApprovalPrediction,2026-03-29_00-43
0.0,2717,60.0,1.0,Urban,LP002370,Not Graduate,No,Male,0,No,hf:LoanApprovalPrediction,2026-03-29_00-43
0.0,8624,150.0,1.0,Semiurban,LP002377,Graduate,No,Female,1,Yes,hf:LoanApprovalPrediction,2026-03-29_00-43
0.0,6500,105.0,0.0,Rural,LP002379,Graduate,No,Male,0,No,hf:LoanApprovalPrediction,2026-03-29_00-43
0.0,12876,405.0,1.0,Semiurban,LP002386,Graduate,No,Male,0,,hf:LoanApprovalPrediction,2026-03-29_00-43
2340.0,2425,143.0,1.0,Semiurban,LP002387,Graduate,Yes,Male,0,No,hf:LoanApprovalPrediction,2026-03-29_00-43
0.0,3750,100.0,1.0,Urban,LP002390,Graduate,No,Male,0,No,hf:LoanApprovalPrediction,2026-03-29_00-43
0.0,10047,,1.0,Semiurban,LP002393,Graduate,,Female,,No,hf:LoanApprovalPrediction,2026-03-29_00-43
1851.0,1926,50.0,1.0,Semiurban,LP002398,Graduate,No,Male,0,No,hf:LoanApprovalPrediction,2026-03-29_00-43
1125.0,2213,,1.0,Urban,LP002401,Graduate,Yes,Male,0,No,hf:LoanApprovalPrediction,2026-03-29_00-43
0.0,10416,187.0,0.0,Urban,LP002403,Graduate,No,Male,0,Yes,hf:LoanApprovalPrediction,2026-03-29_00-43
0.0,7142,138.0,1.0,Rural,LP002407,Not Graduate,Yes,Female,0,Yes,hf:LoanApprovalPrediction,2026-03-29_00-43
5064.0,3660,187.0,1.0,Semiurban,LP002408,Graduate,No,Male,0,No,hf:LoanApprovalPrediction,2026-03-29_00-43
1833.0,7901,180.0,1.0,Rural,LP002409,Graduate,Yes,Male,0,No,hf:LoanApprovalPrediction,2026-03-29_00-43
1993.0,4707,148.0,1.0,Semiurban,LP002418,Not Graduate,No,Male,3+,No,hf:LoanApprovalPrediction,2026-03-29_00-43
0.0,37719,152.0,1.0,Semiurban,LP002422,Graduate,No,Male,1,No,hf:LoanApprovalPrediction,2026-03-29_00-43
8333.0,7333,175.0,,Rural,LP002424,Graduate,Yes,Male,0,No,hf:LoanApprovalPrediction,2026-03-29_00-43
1210.0,3466,130.0,1.0,Rural,LP002429,Graduate,Yes,Male,1,Yes,hf:LoanApprovalPrediction,2026-03-29_00-43
0.0,4652,110.0,1.0,Rural,LP002434,Not Graduate,Yes,Male,2,No,hf:LoanApprovalPrediction,2026-03-29_00-43
1376.0,3539,55.0,1.0,Rural,LP002435,Graduate,Yes,Male,0,,hf:LoanApprovalPrediction,2026-03-29_00-43
1710.0,3340,150.0,0.0,Rural,LP002443,Graduate,Yes,Male,2,No,hf:LoanApprovalPrediction,2026-03-29_00-43
1542.0,2769,190.0,,Semiurban,LP002444,Not Graduate,No,Male,1,Yes,hf:LoanApprovalPrediction,2026-03-29_00-43
1255.0,2309,125.0,0.0,Rural,LP002446,Not Graduate,Yes,Male,2,No,hf:LoanApprovalPrediction,2026-03-29_00-43
1456.0,1958,60.0,,Urban,LP002447,Not Graduate,Yes,Male,2,No,hf:LoanApprovalPrediction,2026-03-29_00-43
1733.0,3948,149.0,0.0,Rural,LP002448,Graduate,Yes,Male,0,No,hf:LoanApprovalPrediction,2026-03-29_00-43
2466.0,2483,90.0,0.0,Rural,LP002449,Graduate,Yes,Male,0,No,hf:LoanApprovalPrediction,2026-03-29_00-43
0.0,7085,84.0,1.0,Semiurban,LP002453,Graduate,No,Male,0,Yes,hf:LoanApprovalPrediction,2026-03-29_00-43
0.0,3859,96.0,1.0,Semiurban,LP002455,Graduate,Yes,Male,2,No,hf:LoanApprovalPrediction,2026-03-29_00-43
0.0,4301,118.0,1.0,Urban,LP002459,Graduate,Yes,Male,0,No,hf:LoanApprovalPrediction,2026-03-29_00-43
2569.0,3708,173.0,1.0,Urban,LP002467,Graduate,Yes,Male,0,No,hf:LoanApprovalPrediction,2026-03-29_00-43
0.0,4354,136.0,1.0,Rural,LP002472,Graduate,No,Male,2,No,hf:LoanApprovalPrediction,2026-03-29_00-43
0.0,8334,160.0,1.0,Semiurban,LP002473,Graduate,Yes,Male,0,No,hf:LoanApprovalPrediction,2026-03-29_00-43
4083.0,2083,160.0,,Semiurban,LP002478,Graduate,Yes,,0,Yes,hf:LoanApprovalPrediction,2026-03-29_00-43
0.0,7740,128.0,1.0,Urban,LP002484,Graduate,Yes,Male,3+,No,hf:LoanApprovalPrediction,2026-03-29_00-43
2188.0,3015,153.0,1.0,Rural,LP002487,Graduate,Yes,Male,0,No,hf:LoanApprovalPrediction,2026-03-29_00-43
0.0,5191,132.0,1.0,Semiurban,LP002489,Not Graduate,No,Female,1,,hf:LoanApprovalPrediction,2026-03-29_00-43
0.0,4166,98.0,0.0,Semiurban,LP002493,Graduate,No,Male,0,No,hf:LoanApprovalPrediction,2026-03-29_00-43
0.0,6000,140.0,1.0,Rural,LP002494,Graduate,No,Male,0,No,hf:LoanApprovalPrediction,2026-03-29_00-43
1664.0,2947,70.0,0.0,Urban,LP002500,Not Graduate,Yes,Male,3+,No,hf:LoanApprovalPrediction,2026-03-29_00-43
0.0,16692,110.0,1.0,Semiurban,LP002501,Graduate,Yes,,0,No,hf:LoanApprovalPrediction,2026-03-29_00-43
2917.0,210,98.0,1.0,Semiurban,LP002502,Not Graduate,Yes,Female,2,,hf:LoanApprovalPrediction,2026-03-29_00-43
2451.0,4333,110.0,1.0,Urban,LP002505,Graduate,Yes,Male,0,No,hf:LoanApprovalPrediction,2026-03-29_00-43
2079.0,3450,162.0,1.0,Semiurban,LP002515,Graduate,Yes,Male,1,Yes,hf:LoanApprovalPrediction,2026-03-29_00-43
1500.0,2653,113.0,0.0,Rural,LP002517,Not Graduate,Yes,Male,1,No,hf:LoanApprovalPrediction,2026-03-29_00-43
0.0,4691,100.0,1.0,Semiurban,LP002519,Graduate,Yes,Male,3+,No,hf:LoanApprovalPrediction,2026-03-29_00-43
0.0,2500,93.0,,Urban,LP002522,Graduate,No,Female,0,Yes,hf:LoanApprovalPrediction,2026-03-29_00-43
4648.0,5532,162.0,1.0,Rural,LP002524,Graduate,No,Male,2,No,hf:LoanApprovalPrediction,2026-03-29_00-43
1014.0,16525,150.0,1.0,Rural,LP002527,Graduate,Yes,Male,2,Yes,hf:LoanApprovalPrediction,2026-03-29_00-43
1750.0,6700,230.0,1.0,Semiurban,LP002529,Graduate,Yes,Male,2,No,hf:LoanApprovalPrediction,2026-03-29_00-43
1872.0,2873,132.0,0.0,Semiurban,LP002530,Graduate,Yes,,2,No,hf:LoanApprovalPrediction,2026-03-29_00-43
2250.0,16667,86.0,1.0,Semiurban,LP002531,Graduate,Yes,Male,1,Yes,hf:LoanApprovalPrediction,2026-03-29_00-43
1603.0,2947,,1.0,Urban,LP002533,Graduate,Yes,Male,2,No,hf:LoanApprovalPrediction,2026-03-29_00-43
0.0,4350,154.0,1.0,Rural,LP002534,Not Graduate,No,Female,0,No,hf:LoanApprovalPrediction,2026-03-29_00-43
0.0,3095,113.0,1.0,Rural,LP002536,Not Graduate,Yes,Male,3+,No,hf:LoanApprovalPrediction,2026-03-29_00-43
3150.0,2083,128.0,1.0,Semiurban,LP002537,Graduate,Yes,Male,0,No,hf:LoanApprovalPrediction,2026-03-29_00-43
0.0,10833,234.0,1.0,Semiurban,LP002541,Graduate,Yes,Male,0,No,hf:LoanApprovalPrediction,2026-03-29_00-43
0.0,8333,246.0,1.0,Semiurban,LP002543,Graduate,Yes,Male,2,No,hf:LoanApprovalPrediction,2026-03-29_00-43
2436.0,1958,131.0,1.0,Rural,LP002544,Not Graduate,Yes,Male,1,No,hf:LoanApprovalPrediction,2026-03-29_00-43
0.0,3547,80.0,0.0,Rural,LP002545,Graduate,No,Male,2,No,hf:LoanApprovalPrediction,2026-03-29_00-43
0.0,18333,500.0,1.0,Urban,LP002547,Graduate,Yes,Male,1,No,hf:LoanApprovalPrediction,2026-03-29_00-43
2083.0,4583,160.0,1.0,Semiurban,LP002555,Graduate,Yes,Male,2,Yes,hf:LoanApprovalPrediction,2026-03-29_00-43
0.0,2435,75.0,1.0,Urban,LP002556,Graduate,No,Male,0,No,hf:LoanApprovalPrediction,2026-03-29_00-43
2785.0,2699,96.0,,Semiurban,LP002560,Not Graduate,No,Male,0,No,hf:LoanApprovalPrediction,2026-03-29_00-43
1131.0,5333,186.0,,Urban,LP002562,Not Graduate,Yes,Male,1,No,hf:LoanApprovalPrediction,2026-03-29_00-43
0.0,3691,110.0,1.0,Rural,LP002571,Not Graduate,No,Male,0,No,hf:LoanApprovalPrediction,2026-03-29_00-43
0.0,17263,225.0,1.0,Semiurban,LP002582,Not Graduate,No,Female,0,Yes,hf:LoanApprovalPrediction,2026-03-29_00-43
2157.0,3597,119.0,0.0,Rural,LP002585,Graduate,Yes,Male,0,No,hf:LoanApprovalPrediction,2026-03-29_00-43
913.0,3326,105.0,1.0,Semiurban,LP002586,Graduate,Yes,Female,1,No,hf:LoanApprovalPrediction,2026-03-29_00-43
1700.0,2600,107.0,1.0,Rural,LP002587,Not Graduate,Yes,Male,0,No,hf:LoanApprovalPrediction,2026-03-29_00-43
2857.0,4625,111.0,,Urban,LP002588,Graduate,Yes,Male,0,No,hf:LoanApprovalPrediction,2026-03-29_00-43
0.0,2895,95.0,1.0,Semiurban,LP002600,Graduate,Yes,Male,1,Yes,hf:LoanApprovalPrediction,2026-03-29_00-43
4416.0,6283,209.0,0.0,Rural,LP002602,Graduate,No,Male,0,No,hf:LoanApprovalPrediction,2026-03-29_00-43
3683.0,645,113.0,1.0,Rural,LP002603,Graduate,No,Female,0,No,hf:LoanApprovalPrediction,2026-03-29_00-43
0.0,3159,100.0,1.0,Semiurban,LP002606,Graduate,No,Female,0,No,hf:LoanApprovalPrediction,2026-03-29_00-43
5624.0,4865,208.0,1.0,Semiurban,LP002615,Graduate,Yes,Male,2,No,hf:LoanApprovalPrediction,2026-03-29_00-43
5302.0,4050,138.0,,Rural,LP002618,Not Graduate,Yes,Male,1,No,hf:LoanApprovalPrediction,2026-03-29_00-43
1483.0,3814,124.0,1.0,Semiurban,LP002619,Not Graduate,Yes,Male,0,No,hf:LoanApprovalPrediction,2026-03-29_00-43
4416.0,3510,243.0,1.0,Rural,LP002622,Graduate,Yes,Male,2,No,hf:LoanApprovalPrediction,2026-03-29_00-43
6667.0,20833,480.0,,Urban,LP002624,Graduate,Yes,Male,0,No,hf:LoanApprovalPrediction,2026-03-29_00-43
0.0,3583,96.0,1.0,Urban,LP002625,Graduate,No,,0,No,hf:LoanApprovalPrediction,2026-03-29_00-43
3013.0,2479,188.0,1.0,Urban,LP002626,Graduate,Yes,Male,0,Yes,hf:LoanApprovalPrediction,2026-03-29_00-43
0.0,13262,40.0,1.0,Urban,LP002634,Graduate,No,Female,1,No,hf:LoanApprovalPrediction,2026-03-29_00-43
1287.0,3598,100.0,1.0,Rural,LP002637,Not Graduate,No,Male,0,No,hf:LoanApprovalPrediction,2026-03-29_00-43
2004.0,6065,250.0,1.0,Semiurban,LP002640,Graduate,Yes,Male,1,No,hf:LoanApprovalPrediction,2026-03-29_00-43
2035.0,3283,148.0,1.0,Urban,LP002643,Graduate,Yes,Male,2,No,hf:LoanApprovalPrediction,2026-03-29_00-43
6666.0,2130,70.0,1.0,Semiurban,LP002648,Graduate,Yes,Male,0,No,hf:LoanApprovalPrediction,2026-03-29_00-43
3666.0,5815,311.0,1.0,Rural,LP002652,Graduate,No,Male,0,No,hf:LoanApprovalPrediction,2026-03-29_00-43
3428.0,3466,150.0,1.0,Rural,LP002659,Graduate,Yes,Male,3+,No,hf:LoanApprovalPrediction,2026-03-29_00-43
1632.0,2031,113.0,1.0,Semiurban,LP002670,Graduate,Yes,Female,2,No,hf:LoanApprovalPrediction,2026-03-29_00-43
1800.0,3074,123.0,0.0,Semiurban,LP002682,Not Graduate,Yes,Male,,No,hf:LoanApprovalPrediction,2026-03-29_00-43
1915.0,4683,185.0,1.0,Semiurban,LP002683,Graduate,No,Male,0,No,hf:LoanApprovalPrediction,2026-03-29_00-43
0.0,3400,95.0,1.0,Rural,LP002684,Not Graduate,No,Female,0,No,hf:LoanApprovalPrediction,2026-03-29_00-43
1742.0,2192,45.0,1.0,Semiurban,LP002689,Not Graduate,Yes,Male,2,No,hf:LoanApprovalPrediction,2026-03-29_00-43
0.0,2500,55.0,1.0,Semiurban,LP002690,Graduate,No,Male,0,No,hf:LoanApprovalPrediction,2026-03-29_00-43
1424.0,5677,100.0,1.0,Rural,LP002692,Graduate,Yes,Male,3+,Yes,hf:LoanApprovalPrediction,2026-03-29_00-43
7166.0,7948,480.0,1.0,Rural,LP002693,Graduate,Yes,Male,2,Yes,hf:LoanApprovalPrediction,2026-03-29_00-43
2087.0,4680,,1.0,Semiurban,LP002697,Graduate,No,Male,0,No,hf:LoanApprovalPrediction,2026-03-29_00-43
0.0,17500,400.0,1.0,Rural,LP002699,Graduate,Yes,Male,2,Yes,hf:LoanApprovalPrediction,2026-03-29_00-43
0.0,3775,110.0,1.0,Semiurban,LP002705,Graduate,Yes,Male,0,No,hf:LoanApprovalPrediction,2026-03-29_00-43
1430.0,5285,161.0,0.0,Semiurban,LP002706,Not Graduate,Yes,Male,1,No,hf:LoanApprovalPrediction,2026-03-29_00-43
1302.0,2679,94.0,1.0,Semiurban,LP002714,Not Graduate,No,Male,1,No,hf:LoanApprovalPrediction,2026-03-29_00-43
0.0,6783,130.0,1.0,Semiurban,LP002716,Not Graduate,No,Male,0,No,hf:LoanApprovalPrediction,2026-03-29_00-43
5500.0,1025,216.0,,Rural,LP002717,Graduate,Yes,Male,0,No,hf:LoanApprovalPrediction,2026-03-29_00-43
0.0,4281,100.0,1.0,Urban,LP002720,Graduate,Yes,Male,3+,No,hf:LoanApprovalPrediction,2026-03-29_00-43
0.0,3588,110.0,0.0,Rural,LP002723,Graduate,No,Male,2,No,hf:LoanApprovalPrediction,2026-03-29_00-43
0.0,11250,196.0,,Semiurban,LP002729,Graduate,No,Male,1,No,hf:LoanApprovalPrediction,2026-03-29_00-43
0.0,18165,125.0,1.0,Urban,LP002731,Not Graduate,No,Female,0,Yes,hf:LoanApprovalPrediction,2026-03-29_00-43
2042.0,2550,126.0,1.0,Rural,LP002732,Not Graduate,No,Male,0,,hf:LoanApprovalPrediction,2026-03-29_00-43
3906.0,6133,324.0,1.0,Urban,LP002734,Graduate,Yes,Male,0,No,hf:LoanApprovalPrediction,2026-03-29_00-43
0.0,3617,107.0,1.0,Semiurban,LP002738,Graduate,No,Male,2,No,hf:LoanApprovalPrediction,2026-03-29_00-43
536.0,2917,66.0,1.0,Rural,LP002739,Not Graduate,Yes,Male,0,No,hf:LoanApprovalPrediction,2026-03-29_00-43
0.0,6417,157.0,1.0,Rural,LP002740,Graduate,Yes,Male,3+,No,hf:LoanApprovalPrediction,2026-03-29_00-43
2845.0,4608,140.0,1.0,Semiurban,LP002741,Graduate,Yes,Female,1,No,hf:LoanApprovalPrediction,2026-03-29_00-43
0.0,2138,99.0,0.0,Semiurban,LP002743,Graduate,No,Female,0,No,hf:LoanApprovalPrediction,2026-03-29_00-43
0.0,3652,95.0,1.0,Semiurban,LP002753,Graduate,No,Female,1,,hf:LoanApprovalPrediction,2026-03-29_00-43
2524.0,2239,128.0,1.0,Urban,LP002755,Not Graduate,Yes,Male,1,No,hf:LoanApprovalPrediction,2026-03-29_00-43
663.0,3017,102.0,,Semiurban,LP002757,Not Graduate,Yes,Female,0,No,hf:LoanApprovalPrediction,2026-03-29_00-43
1950.0,2768,155.0,1.0,Rural,LP002767,Graduate,Yes,Male,0,No,hf:LoanApprovalPrediction,2026-03-29_00-43
0.0,3358,80.0,1.0,Semiurban,LP002768,Not Graduate,No,Male,0,No,hf:LoanApprovalPrediction,2026-03-29_00-43
1783.0,2526,145.0,1.0,Rural,LP002772,Graduate,No,Male,0,No,hf:LoanApprovalPrediction,2026-03-29_00-43
0.0,5000,103.0,0.0,Semiurban,LP002776,Graduate,No,Female,0,No,hf:LoanApprovalPrediction,2026-03-29_00-43
2016.0,2785,110.0,1.0,Rural,LP002777,Graduate,Yes,Male,0,No,hf:LoanApprovalPrediction,2026-03-29_00-43
0.0,6633,,0.0,Rural,LP002778,Graduate,Yes,Male,2,Yes,hf:LoanApprovalPrediction,2026-03-29_00-43
2375.0,2492,,1.0,Rural,LP002784,Not Graduate,Yes,Male,1,No,hf:LoanApprovalPrediction,2026-03-29_00-43
3250.0,3333,158.0,1.0,Urban,LP002785,Graduate,Yes,Male,1,No,hf:LoanApprovalPrediction,2026-03-29_00-43
2333.0,2454,181.0,0.0,Urban,LP002788,Not Graduate,Yes,Male,0,No,hf:LoanApprovalPrediction,2026-03-29_00-43
4266.0,3593,132.0,0.0,Rural,LP002789,Graduate,Yes,Male,0,No,hf:LoanApprovalPrediction,2026-03-29_00-43
1032.0,5468,26.0,1.0,Semiurban,LP002792,Graduate,Yes,Male,1,No,hf:LoanApprovalPrediction,2026-03-29_00-43
1625.0,2667,84.0,,Urban,LP002794,Graduate,No,Female,0,No,hf:LoanApprovalPrediction,2026-03-29_00-43
0.0,10139,260.0,1.0,Semiurban,LP002795,Graduate,Yes,Male,3+,Yes,hf:LoanApprovalPrediction,2026-03-29_00-43
2669.0,3887,162.0,1.0,Semiurban,LP002798,Graduate,Yes,Male,0,No,hf:LoanApprovalPrediction,2026-03-29_00-43
2306.0,4180,182.0,1.0,Semiurban,LP002804,Graduate,Yes,Female,0,No,hf:LoanApprovalPrediction,2026-03-29_00-43
242.0,3675,108.0,1.0,Semiurban,LP002807,Not Graduate,Yes,Male,2,No,hf:LoanApprovalPrediction,2026-03-29_00-43
0.0,19484,600.0,1.0,Semiurban,LP002813,Graduate,Yes,Female,1,Yes,hf:LoanApprovalPrediction,2026-03-29_00-43
2054.0,5923,211.0,1.0,Rural,LP002820,Graduate,Yes,Male,0,No,hf:LoanApprovalPrediction,2026-03-29_00-43
0.0,5800,132.0,1.0,Semiurban,LP002821,Not Graduate,No,Male,0,Yes,hf:LoanApprovalPrediction,2026-03-29_00-43
0.0,8799,258.0,0.0,Urban,LP002832,Graduate,Yes,Male,2,No,hf:LoanApprovalPrediction,2026-03-29_00-43
0.0,4467,120.0,,Rural,LP002833,Not Graduate,Yes,Male,0,No,hf:LoanApprovalPrediction,2026-03-29_00-43
0.0,3333,70.0,1.0,Urban,LP002836,Graduate,No,Male,0,No,hf:LoanApprovalPrediction,2026-03-29_00-43
2500.0,3400,123.0,0.0,Rural,LP002837,Graduate,Yes,Male,3+,No,hf:LoanApprovalPrediction,2026-03-29_00-43
0.0,2378,9.0,1.0,Urban,LP002840,Graduate,No,Female,0,No,hf:LoanApprovalPrediction,2026-03-29_00-43
2064.0,3166,104.0,0.0,Urban,LP002841,Graduate,Yes,Male,0,No,hf:LoanApprovalPrediction,2026-03-29_00-43
1750.0,3417,186.0,1.0,Urban,LP002842,Graduate,Yes,Male,1,No,hf:LoanApprovalPrediction,2026-03-29_00-43
1451.0,5116,165.0,0.0,Urban,LP002847,Graduate,Yes,Male,,No,hf:LoanApprovalPrediction,2026-03-29_00-43
0.0,16666,275.0,1.0,Urban,LP002855,Graduate,Yes,Male,2,No,hf:LoanApprovalPrediction,2026-03-29_00-43
1625.0,6125,187.0,1.0,Semiurban,LP002862,Not Graduate,Yes,Male,2,No,hf:LoanApprovalPrediction,2026-03-29_00-43
0.0,6406,150.0,1.0,Semiurban,LP002863,Graduate,Yes,Male,3+,No,hf:LoanApprovalPrediction,2026-03-29_00-43
461.0,3159,108.0,1.0,Urban,LP002868,Graduate,Yes,Male,2,No,hf:LoanApprovalPrediction,2026-03-29_00-43
2210.0,3087,136.0,0.0,Semiurban,LP002872,Graduate,Yes,,0,No,hf:LoanApprovalPrediction,2026-03-29_00-43
2739.0,3229,110.0,1.0,Urban,LP002874,Graduate,No,Male,0,No,hf:LoanApprovalPrediction,2026-03-29_00-43
2232.0,1782,107.0,1.0,Rural,LP002877,Graduate,Yes,Male,1,No,hf:LoanApprovalPrediction,2026-03-29_00-43
2917.0,3182,161.0,1.0,Urban,LP002888,Graduate,No,Male,0,,hf:LoanApprovalPrediction,2026-03-29_00-43
0.0,6540,205.0,1.0,Semiurban,LP002892,Graduate,Yes,Male,2,No,hf:LoanApprovalPrediction,2026-03-29_00-43
33837.0,1836,90.0,1.0,Urban,LP002893,Graduate,No,Male,0,No,hf:LoanApprovalPrediction,2026-03-29_00-43
0.0,3166,36.0,1.0,Semiurban,LP002894,Graduate,Yes,Female,0,No,hf:LoanApprovalPrediction,2026-03-29_00-43
0.0,1880,61.0,,Rural,LP002898,Graduate,Yes,Male,1,No,hf:LoanApprovalPrediction,2026-03-29_00-43
1917.0,2787,146.0,0.0,Rural,LP002911,Graduate,Yes,Male,1,No,hf:LoanApprovalPrediction,2026-03-29_00-43
3000.0,4283,172.0,1.0,Rural,LP002912,Graduate,Yes,Male,1,No,hf:LoanApprovalPrediction,2026-03-29_00-43
1522.0,2297,104.0,1.0,Urban,LP002916,Graduate,Yes,Male,0,No,hf:LoanApprovalPrediction,2026-03-29_00-43
0.0,2165,70.0,1.0,Semiurban,LP002917,Not Graduate,No,Female,0,No,hf:LoanApprovalPrediction,2026-03-29_00-43
0.0,4750,94.0,1.0,Semiurban,LP002925,Graduate,No,,0,No,hf:LoanApprovalPrediction,2026-03-29_00-43
0.0,2726,106.0,0.0,Semiurban,LP002926,Graduate,Yes,Male,2,Yes,hf:LoanApprovalPrediction,2026-03-29_00-43
3416.0,3000,56.0,1.0,Semiurban,LP002928,Graduate,Yes,Male,0,No,hf:LoanApprovalPrediction,2026-03-29_00-43
0.0,6000,205.0,1.0,Semiurban,LP002931,Graduate,Yes,Male,2,Yes,hf:LoanApprovalPrediction,2026-03-29_00-43
0.0,9357,292.0,1.0,Semiurban,LP002933,Graduate,No,,3+,Yes,hf:LoanApprovalPrediction,2026-03-29_00-43
3300.0,3859,142.0,1.0,Rural,LP002936,Graduate,Yes,Male,0,No,hf:LoanApprovalPrediction,2026-03-29_00-43
0.0,16120,260.0,1.0,Urban,LP002938,Graduate,Yes,Male,0,Yes,hf:LoanApprovalPrediction,2026-03-29_00-43
0.0,3833,110.0,1.0,Rural,LP002940,Not Graduate,No,Male,0,No,hf:LoanApprovalPrediction,2026-03-29_00-43
1000.0,6383,187.0,1.0,Rural,LP002941,Not Graduate,Yes,Male,2,Yes,hf:LoanApprovalPrediction,2026-03-29_00-43
0.0,2987,88.0,0.0,Semiurban,LP002943,Graduate,No,Male,,No,hf:LoanApprovalPrediction,2026-03-29_00-43
0.0,9963,180.0,1.0,Rural,LP002945,Graduate,Yes,Male,0,Yes,hf:LoanApprovalPrediction,2026-03-29_00-43
0.0,5780,192.0,1.0,Urban,LP002948,Graduate,Yes,Male,2,No,hf:LoanApprovalPrediction,2026-03-29_00-43
41667.0,416,350.0,,Urban,LP002949,Graduate,No,Female,3+,,hf:LoanApprovalPrediction,2026-03-29_00-43
2792.0,2894,155.0,1.0,Rural,LP002950,Not Graduate,Yes,Male,0,,hf:LoanApprovalPrediction,2026-03-29_00-43
0.0,5703,128.0,1.0,Urban,LP002953,Graduate,Yes,Male,3+,No,hf:LoanApprovalPrediction,2026-03-29_00-43
4301.0,3676,172.0,1.0,Rural,LP002958,Graduate,No,Male,0,No,hf:LoanApprovalPrediction,2026-03-29_00-43
0.0,12000,496.0,1.0,Semiurban,LP002959,Graduate,Yes,Female,1,No,hf:LoanApprovalPrediction,2026-03-29_00-43
3800.0,2400,,1.0,Urban,LP002960,Not Graduate,Yes,Male,0,No,hf:LoanApprovalPrediction,2026-03-29_00-43
2500.0,3400,173.0,1.0,Semiurban,LP002961,Graduate,Yes,Male,1,No,hf:LoanApprovalPrediction,2026-03-29_00-43
1411.0,3987,157.0,1.0,Rural,LP002964,Not Graduate,Yes,Male,2,No,hf:LoanApprovalPrediction,2026-03-29_00-43
1950.0,3232,108.0,1.0,Rural,LP002974,Graduate,Yes,Male,0,No,hf:LoanApprovalPrediction,2026-03-29_00-43
0.0,2900,71.0,1.0,Rural,LP002978,Graduate,No,Female,0,No,hf:LoanApprovalPrediction,2026-03-29_00-43
0.0,4106,40.0,1.0,Rural,LP002979,Graduate,Yes,Male,3+,No,hf:LoanApprovalPrediction,2026-03-29_00-43
240.0,8072,253.0,1.0,Urban,LP002983,Graduate,Yes,Male,1,No,hf:LoanApprovalPrediction,2026-03-29_00-43
0.0,7583,187.0,1.0,Urban,LP002984,Graduate,Yes,Male,2,No,hf:LoanApprovalPrediction,2026-03-29_00-43
0.0,4583,133.0,0.0,Semiurban,LP002990,Graduate,No,Female,0,Yes,hf:LoanApprovalPrediction,2026-03-29_00-43
